ts_code,name,healthcare_subindustry,market_cap_100m,first_appointment_date,first_change_date,second_change_date,third_change_date,appointment_date,actual_publish_date,is_published,report_type,announcement_id,source_updated_at,appointment_changed,importance_rank,is_key_stock,report_year
300463.SZ,迈克生物,IVD/体外诊断,51.4571297,2026-07-31,,,,2026-07-31,,False,2026年 半年报,,2026-06-30 18:44:44,False,274,False,2026
688266.SH,泽璟制药,生物制品/创新药,359.87079789999996,2026-08-01,,,,2026-08-01,,False,2026年 半年报,,2026-06-25 16:51:19,False,30,True,2026
605507.SH,国邦医药,原料药,121.49940537,2026-08-01,,,,2026-08-01,,False,2026年 半年报,,2026-06-25 16:51:19,False,126,False,2026
603259.SH,药明康德,CXO/CDMO,3729.6965,2026-08-04,,,,2026-08-04,,False,2026年 半年报,,2026-06-25 16:51:15,False,2,True,2026
600201.SH,生物股份,动保/兽药,124.03512978,2026-08-04,,,,2026-08-04,,False,2026年 半年报,,2026-06-25 16:48:14,False,121,False,2026
603456.SH,九洲药业,CXO/CDMO,123.263058,2026-08-04,,,,2026-08-04,,False,2026年 半年报,,2026-06-25 16:51:15,False,124,False,2026
300298.SZ,三诺生物,医疗设备,83.63825418,2026-08-04,,,,2026-08-04,,False,2026年 半年报,,2026-06-30 18:44:38,False,184,False,2026
300529.SZ,健帆生物,医疗耗材,134.16569040000002,2026-08-07,,,,2026-08-07,,False,2026年 半年报,,2026-06-30 18:44:44,False,110,False,2026
300146.SZ,汤臣倍健,营养品/维生素,164.0926787,2026-08-08,,,,2026-08-08,,False,2026年 半年报,,2026-06-30 18:44:38,False,83,False,2026
002550.SZ,千红制药,生物制品/创新药,82.93104,2026-08-08,,,,2026-08-08,,False,2026年 半年报,,2026-06-30 18:44:38,False,190,False,2026
600829.SH,人民同泰,医药流通,49.40650872,2026-08-08,,,,2026-08-08,,False,2026年 半年报,,2026-06-25 16:51:15,False,287,False,2026
300725.SZ,药石科技,CXO/CDMO,87.58421458000001,2026-08-11,,,,2026-08-11,,False,2026年 半年报,,2026-06-30 18:44:44,False,174,False,2026
600285.SH,羚锐制药,中药,124.25500605,2026-08-12,,,,2026-08-12,,False,2026年 半年报,,2026-06-25 16:48:14,False,120,False,2026
300497.SZ,富祥股份,原料药,91.6780598,2026-08-12,,,,2026-08-12,,False,2026年 半年报,,2026-06-30 18:44:44,False,163,False,2026
603538.SH,美诺华,原料药,88.95920994,2026-08-12,,,,2026-08-12,,False,2026年 半年报,,2026-06-25 16:51:15,False,171,False,2026
300832.SZ,新产业,IVD/体外诊断,379.65931691,2026-08-25,2026-08-14,,,2026-08-14,,False,2026年 半年报,,2026-06-30 18:44:44,True,26,True,2026
688301.SH,奕瑞科技,医疗设备,282.72661974,2026-08-14,,,,2026-08-14,,False,2026年 半年报,,2026-06-25 16:51:19,False,43,False,2026
600211.SH,西藏药业,生物制品/创新药,119.96720624,2026-08-14,,,,2026-08-14,,False,2026年 半年报,,2026-06-25 16:48:14,False,130,False,2026
300143.SZ,盈康生命,医疗服务,67.32688055999999,2026-08-14,,,,2026-08-14,,False,2026年 半年报,,2026-06-30 18:44:38,False,229,False,2026
688315.SH,诺禾致源,CXO/CDMO,49.69428,2026-08-14,,,,2026-08-14,,False,2026年 半年报,,2026-06-25 16:51:19,False,286,False,2026
600329.SH,达仁堂,中药,281.93155984,2026-08-15,,,,2026-08-15,,False,2026年 半年报,,2026-06-25 16:48:14,False,44,False,2026
600763.SH,通策医疗,医疗服务,151.58627599,2026-08-15,,,,2026-08-15,,False,2026年 半年报,,2026-06-25 16:51:15,False,93,False,2026
002173.SZ,创新医疗,医疗服务,83.00557683,2026-08-15,,,,2026-08-15,,False,2026年 半年报,,2026-06-30 18:44:36,False,189,False,2026
601089.SH,福元医药,化学制药/创新药,78.576,2026-08-15,,,,2026-08-15,,False,2026年 半年报,,2026-06-25 16:51:15,False,198,False,2026
688505.SH,复旦张江,化学制药/创新药,73.28564747,2026-08-15,,,,2026-08-15,,False,2026年 半年报,,2026-06-25 16:51:19,False,216,False,2026
300401.SZ,花园生物,原料药,65.59591864,2026-08-22,2026-08-15,,,2026-08-15,,False,2026年 半年报,,2026-06-30 18:44:38,True,233,False,2026
603669.SH,灵康药业,化学制药/仿制药,35.40286064,2026-07-31,2026-08-15,,,2026-08-15,,False,2026年 半年报,,2026-06-25 16:51:15,True,310,False,2026
300765.SZ,石药创新,原料药,518.2947801,2026-08-21,2026-08-18,,,2026-08-18,,False,2026年 半年报,,2026-06-30 18:44:44,True,20,True,2026
300122.SZ,智飞生物,疫苗,290.36669631,2026-08-18,,,,2026-08-18,,False,2026年 半年报,,2026-06-30 18:44:38,False,42,False,2026
002262.SZ,恩华药业,化学制药/创新药,212.19781719,2026-08-18,,,,2026-08-18,,False,2026年 半年报,,2026-06-30 18:44:36,False,66,False,2026
301363.SZ,美好医疗,医疗设备,121.384937,2026-08-18,,,,2026-08-18,,False,2026年 半年报,,2026-06-30 18:44:44,False,127,False,2026
301263.SZ,泰恩康,医疗器械其他,94.460445,2026-08-18,,,,2026-08-18,,False,2026年 半年报,,2026-06-30 18:44:44,False,161,False,2026
300841.SZ,康华生物,疫苗,55.695241339999995,2026-08-18,,,,2026-08-18,,False,2026年 半年报,,2026-06-30 18:44:44,False,264,False,2026
688656.SH,浩欧博,IVD/体外诊断,50.20510144,2026-08-18,,,,2026-08-18,,False,2026年 半年报,,2026-06-25 16:51:19,False,283,False,2026
688278.SH,特宝生物,生物制品/创新药,240.4236155,2026-08-19,,,,2026-08-19,,False,2026年 半年报,,2026-06-25 16:51:19,False,55,False,2026
600276.SH,恒瑞医药,生物制品/生物科技,3547.5833465499995,2026-08-20,,,,2026-08-20,,False,2026年 半年报,,2026-06-25 16:48:14,False,3,True,2026
002001.SZ,新和成,营养品/维生素,914.34295575,2026-08-20,,,,2026-08-20,,False,2026年 半年报,,2026-06-30 18:44:36,False,6,True,2026
688271.SH,联影医疗,医疗设备,904.6782366,2026-08-20,,,,2026-08-20,,False,2026年 半年报,,2026-06-25 16:51:19,False,8,True,2026
688578.SH,艾力斯,生物制品/生物科技,536.58,2026-08-20,,,,2026-08-20,,False,2026年 半年报,,2026-06-25 16:51:19,False,19,True,2026
603392.SH,万泰生物,IVD/体外诊断,360.73126584,2026-08-20,,,,2026-08-20,,False,2026年 半年报,,2026-06-25 16:51:15,False,29,True,2026
688617.SH,惠泰医疗,医疗耗材,293.67309,2026-08-20,,,,2026-08-20,,False,2026年 半年报,,2026-06-25 16:51:19,False,41,False,2026
000739.SZ,普洛药业,CXO/CDMO,227.98170048000003,2026-08-20,,,,2026-08-20,,False,2026年 半年报,,2026-06-30 18:44:35,False,61,False,2026
600511.SH,国药股份,医药流通,204.3948627,2026-08-20,,,,2026-08-20,,False,2026年 半年报,,2026-06-25 16:48:14,False,69,False,2026
688321.SH,微芯生物,生物制品/生物科技,124.9094466,2026-08-20,,,,2026-08-20,,False,2026年 半年报,,2026-06-25 16:51:19,False,119,False,2026
688046.SH,药康生物,CXO/CDMO,107.42,2026-08-20,,,,2026-08-20,,False,2026年 半年报,,2026-06-25 16:51:19,False,145,False,2026
688139.SH,海尔生物,互联网医疗/医疗IT,84.12381282,2026-08-26,2026-08-20,,,2026-08-20,,False,2026年 半年报,,2026-06-25 16:51:19,True,183,False,2026
002004.SZ,华邦健康,化学制药/仿制药,83.1566064,2026-08-20,,,,2026-08-20,,False,2026年 半年报,,2026-06-30 18:44:36,False,187,False,2026
000989.SZ,九芝堂,中药,74.89493375,2026-08-20,,,,2026-08-20,,False,2026年 半年报,,2026-06-30 18:44:36,False,207,False,2026
002219.SZ,新里程,医疗服务,68.00285749,2026-08-20,,,,2026-08-20,,False,2026年 半年报,,2026-06-30 18:44:36,False,226,False,2026
688117.SH,圣诺生物,CXO/CDMO,48.60709224,2026-08-20,,,,2026-08-20,,False,2026年 半年报,,2026-06-25 16:51:19,False,291,False,2026
300759.SZ,康龙化成,CXO/CDMO,707.90537108,2026-08-21,,,,2026-08-21,,False,2026年 半年报,,2026-06-30 18:44:44,False,13,True,2026
688336.SH,三生国健,生物制品/创新药,382.6882458,2026-08-21,,,,2026-08-21,,False,2026年 半年报,,2026-06-25 16:51:19,False,25,True,2026
000423.SZ,东阿阿胶,中药,325.54387584,2026-08-21,,,,2026-08-21,,False,2026年 半年报,,2026-06-30 18:44:35,False,36,False,2026
000661.SZ,长春高新,生物制品/创新药,307.62574416,2026-08-21,,,,2026-08-21,,False,2026年 半年报,,2026-06-30 18:44:35,False,39,False,2026
300896.SZ,爱美客,医美/美妆,298.35571200000004,2026-08-21,,,,2026-08-21,,False,2026年 半年报,,2026-06-30 18:44:44,False,40,False,2026
688192.SH,迪哲医药,生物制品/创新药,258.6322404,2026-08-21,,,,2026-08-21,,False,2026年 半年报,,2026-06-25 16:51:19,False,50,False,2026
300558.SZ,贝达药业,生物制品/生物科技,245.37201047999997,2026-08-21,,,,2026-08-21,,False,2026年 半年报,,2026-06-30 18:44:44,False,54,False,2026
300199.SZ,翰宇药业,化学制药/创新药,175.67669457,2026-08-21,,,,2026-08-21,,False,2026年 半年报,,2026-06-30 18:44:38,False,78,False,2026
000766.SZ,通化金马,化学制药/创新药,145.45745234999998,2026-08-21,,,,2026-08-21,,False,2026年 半年报,,2026-06-30 18:44:35,False,94,False,2026
688382.SH,益方生物,生物制品/创新药,138.0008552,2026-08-21,,,,2026-08-21,,False,2026年 半年报,,2026-06-25 16:51:19,False,101,False,2026
000534.SZ,万泽股份,生物制品/创新药,127.2852153,2026-08-21,,,,2026-08-21,,False,2026年 半年报,,2026-06-30 18:44:35,False,116,False,2026
000908.SZ,石药景峰,化学制药/创新药,107.3324768,2026-08-21,,,,2026-08-21,,False,2026年 半年报,,2026-06-30 18:44:35,False,146,False,2026
300244.SZ,迪安诊断,医疗服务,97.8717897,2026-08-21,,,,2026-08-21,,False,2026年 半年报,,2026-06-30 18:44:38,False,156,False,2026
000516.SZ,国际医学,医疗服务,90.6753185,2026-08-21,,,,2026-08-21,,False,2026年 半年报,,2026-06-30 18:44:35,False,165,False,2026
600851.SH,海欣股份,化学制药/仿制药,89.92572415,2026-08-21,,,,2026-08-21,,False,2026年 半年报,,2026-06-25 16:51:15,False,167,False,2026
688677.SH,海泰新光,医疗设备,87.29443140000001,2026-08-21,,,,2026-08-21,,False,2026年 半年报,,2026-06-25 16:51:19,False,176,False,2026
688513.SH,苑东生物,生物制品/生物科技,86.37725439,2026-08-21,,,,2026-08-21,,False,2026年 半年报,,2026-06-25 16:51:19,False,178,False,2026
000915.SZ,华特达因,化学制药/创新药,57.95017995,2026-08-21,,,,2026-08-21,,False,2026年 半年报,,2026-06-30 18:44:35,False,259,False,2026
688151.SH,华强科技,医疗耗材,57.9449,2026-08-21,,,,2026-08-21,,False,2026年 半年报,,2026-06-25 16:51:19,False,260,False,2026
688276.SH,百克生物,疫苗,57.58113792,2026-08-21,,,,2026-08-21,,False,2026年 半年报,,2026-06-25 16:51:19,False,261,False,2026
688658.SH,悦康药业,化学制药/创新药,51.39,2026-08-21,,,,2026-08-21,,False,2026年 半年报,,2026-06-25 16:51:19,False,276,False,2026
002793.SZ,罗欣药业,化学制药/仿制药,51.22541835,2026-08-21,,,,2026-08-21,,False,2026年 半年报,,2026-06-30 18:44:38,False,278,False,2026
002907.SZ,华森制药,中药,51.155546750000006,2026-08-21,,,,2026-08-21,,False,2026年 半年报,,2026-06-30 18:44:38,False,279,False,2026
300006.SZ,莱美药业,化学制药/创新药,50.57814648,2026-08-21,,,,2026-08-21,,False,2026年 半年报,,2026-06-30 18:44:38,False,282,False,2026
300233.SZ,金城医药,生物制品/生物科技,46.871088660000005,2026-08-21,,,,2026-08-21,,False,2026年 半年报,,2026-06-30 18:44:38,False,294,False,2026
002728.SZ,特一药业,中药,43.47734006,2026-08-21,,,,2026-08-21,,False,2026年 半年报,,2026-06-30 18:44:38,False,301,False,2026
000999.SZ,华润三九,中药,411.0618213,2026-08-22,,,,2026-08-22,,False,2026年 半年报,,2026-06-30 18:44:36,False,23,True,2026
600332.SH,白云山,中药,351.00825531000004,2026-08-22,,,,2026-08-22,,False,2026年 半年报,,2026-06-25 16:48:14,False,32,False,2026
002223.SZ,鱼跃医疗,互联网医疗/医疗IT,266.65886310999997,2026-08-22,,,,2026-08-22,,False,2026年 半年报,,2026-06-30 18:44:36,False,47,False,2026
000513.SZ,丽珠集团,生物制品/生物科技,266.01699712,2026-08-22,,,,2026-08-22,,False,2026年 半年报,,2026-06-30 18:44:35,False,48,False,2026
600535.SH,天士力,中药,235.44652,2026-08-22,,,,2026-08-22,,False,2026年 半年报,,2026-06-25 16:48:14,False,58,False,2026
300003.SZ,乐普医疗,互联网医疗/医疗IT,223.23874328,2026-08-22,,,,2026-08-22,,False,2026年 半年报,,2026-06-30 18:44:38,False,64,False,2026
688114.SH,华大智造,医疗设备,196.22073471,2026-08-22,,,,2026-08-22,,False,2026年 半年报,,2026-06-25 16:51:19,False,70,False,2026
600062.SH,华润双鹤,化学制药/创新药,172.71626975,2026-08-22,,,,2026-08-22,,False,2026年 半年报,,2026-06-25 16:48:14,False,80,False,2026
600750.SH,华润江中,中药,156.92675127,2026-08-22,,,,2026-08-22,,False,2026年 半年报,,2026-06-25 16:51:15,False,88,False,2026
300676.SZ,华大基因,医疗服务,152.6857415,2026-08-22,,,,2026-08-22,,False,2026年 半年报,,2026-06-30 18:44:44,False,90,False,2026
002287.SZ,奇正藏药,中药,114.42364,2026-08-22,,,,2026-08-22,,False,2026年 半年报,,2026-06-30 18:44:36,False,137,False,2026
002675.SZ,东诚药业,生物制品/生物科技,102.16740723,2026-08-22,,,,2026-08-22,,False,2026年 半年报,,2026-06-30 18:44:38,False,152,False,2026
300363.SZ,博腾股份,CXO/CDMO,85.15739274,2026-08-22,,,,2026-08-22,,False,2026年 半年报,,2026-06-30 18:44:38,False,180,False,2026
600812.SH,华北制药,化学制药/创新药,80.12460968,2026-08-22,,,,2026-08-22,,False,2026年 半年报,,2026-06-25 16:51:15,False,197,False,2026
300633.SZ,开立医疗,医疗设备,76.98055500000001,2026-08-22,,,,2026-08-22,,False,2026年 半年报,,2026-06-30 18:44:44,False,200,False,2026
002275.SZ,桂林三金,中药,75.5025651,2026-08-22,,,,2026-08-22,,False,2026年 半年报,,2026-06-30 18:44:36,False,204,False,2026
300294.SZ,博雅生物,血制品,72.71266254,2026-08-22,,,,2026-08-22,,False,2026年 半年报,,2026-06-30 18:44:38,False,218,False,2026
688366.SH,昊海生科,医美/美妆,67.64279832,2026-08-22,,,,2026-08-22,,False,2026年 半年报,,2026-06-25 16:51:19,False,227,False,2026
600422.SH,昆药集团,中药,66.08398734000001,2026-08-22,,,,2026-08-22,,False,2026年 半年报,,2026-06-25 16:48:14,False,232,False,2026
300406.SZ,九强生物,IVD/体外诊断,64.96299288,2026-08-22,,,,2026-08-22,,False,2026年 半年报,,2026-06-30 18:44:38,False,234,False,2026
688553.SH,汇宇制药,生物制品/生物科技,62.96563053999999,2026-08-22,,,,2026-08-22,,False,2026年 半年报,,2026-06-25 16:51:19,False,243,False,2026
000566.SZ,海南海药,化学制药/仿制药,62.53299782,2026-08-22,,,,2026-08-22,,False,2026年 半年报,,2026-06-30 18:44:35,False,245,False,2026
300705.SZ,九典制药,化学制药/创新药,50.7795568,2026-08-22,,,,2026-08-22,,False,2026年 半年报,,2026-06-30 18:44:44,False,281,False,2026
000403.SZ,派林生物,血制品,89.71751324,2026-08-24,,,,2026-08-24,,False,2026年 半年报,,2026-06-30 18:44:35,False,169,False,2026
301584.SZ,建发致新,医药流通,84.6789885,2026-08-24,,,,2026-08-24,,False,2026年 半年报,,2026-06-30 18:44:45,False,181,False,2026
300482.SZ,万孚生物,IVD/体外诊断,73.44313272000001,2026-08-24,,,,2026-08-24,,False,2026年 半年报,,2026-06-30 18:44:44,False,215,False,2026
688331.SH,荣昌生物,生物制品/创新药,671.728225,2026-08-25,,,,2026-08-25,,False,2026年 半年报,,2026-06-25 16:51:19,False,14,True,2026
002821.SZ,凯莱英,CXO/CDMO,570.8276982,2026-08-25,,,,2026-08-25,,False,2026年 半年报,,2026-06-30 18:44:38,False,18,True,2026
688428.SH,诺诚健华,生物制品/创新药,489.6888176,2026-08-25,,,,2026-08-25,,False,2026年 半年报,,2026-06-25 16:51:19,False,22,True,2026
002294.SZ,信立泰,化学制药/创新药,358.85943135,2026-08-25,,,,2026-08-25,,False,2026年 半年报,,2026-06-30 18:44:36,False,31,False,2026
002252.SZ,上海莱士,血制品,328.31510967,2026-08-25,,,,2026-08-25,,False,2026年 半年报,,2026-06-30 18:44:36,False,35,False,2026
002432.SZ,九安医疗,互联网医疗/医疗IT,314.85108478,2026-08-25,,,,2026-08-25,,False,2026年 半年报,,2026-06-30 18:44:38,False,37,False,2026
300677.SZ,英科医疗,医疗耗材,311.79352146,2026-08-25,,,,2026-08-25,,False,2026年 半年报,,2026-06-30 18:44:44,False,38,False,2026
600998.SH,九州通,医药流通,252.62775702,2026-08-25,,,,2026-08-25,,False,2026年 半年报,,2026-06-25 16:51:15,False,51,False,2026
002317.SZ,众生药业,中药,226.7614574,2026-08-25,,,,2026-08-25,,False,2026年 半年报,,2026-06-30 18:44:36,False,63,False,2026
002065.SZ,东华软件,互联网医疗/医疗IT,212.52347649,2026-08-25,,,,2026-08-25,,False,2026年 半年报,,2026-06-30 18:44:36,False,65,False,2026
603233.SH,大参林,零售药房,209.549228,2026-08-25,,,,2026-08-25,,False,2026年 半年报,,2026-06-25 16:51:15,False,68,False,2026
301301.SZ,川宁生物,原料药,186.8429241,2026-08-25,,,,2026-08-25,,False,2026年 半年报,,2026-06-30 18:44:44,False,73,False,2026
600380.SH,健康元,化学制药/创新药,183.8600667,2026-08-25,,,,2026-08-25,,False,2026年 半年报,,2026-06-25 16:48:14,False,75,False,2026
603658.SH,安图生物,IVD/体外诊断,179.77024208,2026-08-25,,,,2026-08-25,,False,2026年 半年报,,2026-06-25 16:51:15,False,77,False,2026
300888.SZ,稳健医疗,医疗器械其他,168.3620248,2026-08-25,,,,2026-08-25,,False,2026年 半年报,,2026-06-30 18:44:44,False,82,False,2026
600867.SH,通化东宝,生物制品/创新药,152.57048412,2026-08-25,,,,2026-08-25,,False,2026年 半年报,,2026-06-25 16:51:15,False,91,False,2026
688759.SH,必贝特,生物制品/创新药,138.74628378,2026-08-25,,,,2026-08-25,,False,2026年 半年报,,2026-06-25 16:51:19,False,99,False,2026
688712.SH,北芯生命,医疗耗材,135.7335,2026-08-25,,,,2026-08-25,,False,2026年 半年报,,2026-06-25 16:51:19,False,108,False,2026
600529.SH,山东药玻,医疗耗材,123.36586119,2026-08-25,,,,2026-08-25,,False,2026年 半年报,,2026-06-25 16:48:14,False,123,False,2026
603882.SH,金域医学,医疗服务,120.30818051,2026-08-26,2026-08-25,,,2026-08-25,,False,2026年 半年报,,2026-06-25 16:51:19,True,128,False,2026
300204.SZ,舒泰神,生物制品/创新药,120.12431016,2026-08-25,,,,2026-08-25,,False,2026年 半年报,,2026-06-30 18:44:38,False,129,False,2026
300049.SZ,福瑞医科,医疗设备,111.48344153,2026-08-25,,,,2026-08-25,,False,2026年 半年报,,2026-06-30 18:44:38,False,140,False,2026
688202.SH,美迪西,CXO/CDMO,110.7733889,2026-08-25,,,,2026-08-25,,False,2026年 半年报,,2026-06-25 16:51:19,False,141,False,2026
688710.SH,益诺思,CXO/CDMO,108.4133893,2026-08-25,,,,2026-08-25,,False,2026年 半年报,,2026-06-25 16:51:19,False,144,False,2026
301188.SZ,力诺药包,医疗耗材,93.53079536,2026-08-25,,,,2026-08-25,,False,2026年 半年报,,2026-06-30 18:44:44,False,162,False,2026
688739.SH,成大生物,疫苗,80.20827,2026-08-25,,,,2026-08-25,,False,2026年 半年报,,2026-06-25 16:51:19,False,196,False,2026
301580.SZ,爱迪特,医疗耗材,73.96855074,2026-08-25,,,,2026-08-25,,False,2026年 半年报,,2026-06-30 18:44:45,False,213,False,2026
688805.SH,健信超导,医疗设备,67.340288,2026-08-25,,,,2026-08-25,,False,2026年 半年报,,2026-06-25 16:51:19,False,228,False,2026
300685.SZ,艾德生物,IVD/体外诊断,64.44537904,2026-07-31,2026-08-25,,,2026-08-25,,False,2026年 半年报,,2026-06-30 18:44:44,True,235,False,2026
000597.SZ,东北制药,化学制药/仿制药,64.21177193,2026-08-25,,,,2026-08-25,,False,2026年 半年报,,2026-06-30 18:44:35,False,237,False,2026
603367.SH,辰欣药业,化学制药/创新药,62.66116744,2026-08-25,,,,2026-08-25,,False,2026年 半年报,,2026-06-25 16:51:15,False,244,False,2026
301393.SZ,昊帆生物,生物制品/生物科技,62.478,2026-08-25,,,,2026-08-25,,False,2026年 半年报,,2026-06-30 18:44:45,False,246,False,2026
002424.SZ,ST百灵,中药,61.63408944,2026-08-25,,,,2026-08-25,,False,2026年 半年报,,2026-06-30 18:44:38,False,248,False,2026
688799.SH,华纳药厂,化学制药/仿制药,59.7891938,2026-08-25,,,,2026-08-25,,False,2026年 半年报,,2026-06-25 16:51:19,False,254,False,2026
300358.SZ,楚天科技,医疗设备,59.3526858,2026-08-25,,,,2026-08-25,,False,2026年 半年报,,2026-06-30 18:44:38,False,256,False,2026
300341.SZ,麦克奥迪,医疗设备,59.191738320000006,2026-08-25,,,,2026-08-25,,False,2026年 半年报,,2026-06-30 18:44:38,False,257,False,2026
002102.SZ,ST能特,原料药,57.43454176,2026-08-25,,,,2026-08-25,,False,2026年 半年报,,2026-06-30 18:44:36,False,262,False,2026
002382.SZ,蓝帆医疗,医疗耗材,54.71217501,2026-08-25,,,,2026-08-25,,False,2026年 半年报,,2026-06-30 18:44:36,False,266,False,2026
300039.SZ,上海凯宝,中药,53.4506,2026-08-25,,,,2026-08-25,,False,2026年 半年报,,2026-06-30 18:44:38,False,270,False,2026
002940.SZ,昂利康,化学制药/仿制药,47.708719300000006,2026-08-25,,,,2026-08-25,,False,2026年 半年报,,2026-06-30 18:44:38,False,293,False,2026
301211.SZ,亨迪药业,原料药,42.636959999999995,2026-08-25,,,,2026-08-25,,False,2026年 半年报,,2026-06-30 18:44:44,False,304,False,2026
600196.SH,复星医药,生物制品/生物科技,605.38632231,2026-08-26,,,,2026-08-26,,False,2026年 半年报,,2026-06-25 16:48:14,False,16,True,2026
603087.SH,甘李药业,生物制品/创新药,378.094065,2026-08-26,,,,2026-08-26,,False,2026年 半年报,,2026-06-25 16:51:15,False,27,True,2026
600079.SH,ST人福,化学制药/创新药,280.5796494,2026-08-26,,,,2026-08-26,,False,2026年 半年报,,2026-06-25 16:48:14,False,45,False,2026
300255.SZ,常山药业,生物制品/创新药,232.06287725,2026-08-26,,,,2026-08-26,,False,2026年 半年报,,2026-06-30 18:44:38,False,60,False,2026
002773.SZ,康弘药业,生物制品/创新药,193.29425774,2026-08-26,,,,2026-08-26,,False,2026年 半年报,,2026-06-30 18:44:38,False,71,False,2026
600518.SH,康美药业,中药,183.92432611,2026-08-26,,,,2026-08-26,,False,2026年 半年报,,2026-06-25 16:48:14,False,74,False,2026
300253.SZ,卫宁健康,互联网医疗/医疗IT,143.52312348,2026-08-26,,,,2026-08-26,,False,2026年 半年报,,2026-06-30 18:44:38,False,96,False,2026
600056.SH,中国医药,医药流通,137.6209416,2026-08-26,,,,2026-08-26,,False,2026年 半年报,,2026-06-25 16:48:14,False,103,False,2026
600267.SH,海正药业,化学制药/创新药,136.43945476,2026-08-26,,,,2026-08-26,,False,2026年 半年报,,2026-06-25 16:48:14,False,106,False,2026
600664.SH,哈药股份,化学制药/仿制药,135.9995346,2026-08-26,,,,2026-08-26,,False,2026年 半年报,,2026-06-25 16:51:15,False,107,False,2026
002250.SZ,联化科技,CXO/CDMO,134.44107102,2026-08-26,,,,2026-08-26,,False,2026年 半年报,,2026-06-30 18:44:36,False,109,False,2026
300009.SZ,安科生物,生物制品/创新药,131.48414509,2026-08-26,,,,2026-08-26,,False,2026年 半年报,,2026-06-30 18:44:38,False,112,False,2026
603014.SH,威高血净,医疗耗材,126.62126771,2026-08-26,,,,2026-08-26,,False,2026年 半年报,,2026-06-25 16:51:15,False,118,False,2026
600216.SH,浙江医药,原料药,111.83847614,2026-08-26,,,,2026-08-26,,False,2026年 半年报,,2026-06-25 16:48:14,False,139,False,2026
600572.SH,康恩贝,中药,106.87220141,2026-08-26,,,,2026-08-26,,False,2026年 半年报,,2026-06-25 16:48:14,False,148,False,2026
600993.SH,马应龙,中药,99.83208324,2026-08-26,,,,2026-08-26,,False,2026年 半年报,,2026-06-25 16:51:15,False,154,False,2026
300026.SZ,红日药业,中药,98.23586196,2026-08-26,,,,2026-08-26,,False,2026年 半年报,,2026-06-30 18:44:38,False,155,False,2026
000756.SZ,新华制药,原料药,89.8721586,2026-08-26,,,,2026-08-26,,False,2026年 半年报,,2026-06-30 18:44:35,False,168,False,2026
688277.SH,天智航,医疗设备,89.04433141,2026-08-26,,,,2026-08-26,,False,2026年 半年报,,2026-06-25 16:51:19,False,170,False,2026
000950.SZ,重药控股,医药流通,88.55062776999999,2026-08-26,,,,2026-08-26,,False,2026年 半年报,,2026-06-30 18:44:35,False,173,False,2026
688076.SH,ST诺泰,CXO/CDMO,83.4176528,2026-08-26,,,,2026-08-26,,False,2026年 半年报,,2026-06-25 16:51:19,False,185,False,2026
301047.SZ,义翘神州,CXO/CDMO,83.0778661,2026-08-26,,,,2026-08-26,,False,2026年 半年报,,2026-06-30 18:44:44,False,188,False,2026
600129.SH,太极集团,中药,81.22390086,2026-08-26,,,,2026-08-26,,False,2026年 半年报,,2026-06-25 16:48:14,False,192,False,2026
002626.SZ,金达威,医疗健康其他,80.6335392,2026-08-26,,,,2026-08-26,,False,2026年 半年报,,2026-06-30 18:44:38,False,194,False,2026
688161.SH,威高骨科,医疗耗材,80.6,2026-08-26,,,,2026-08-26,,False,2026年 半年报,,2026-06-25 16:51:19,False,195,False,2026
300109.SZ,新开源,医疗器械其他,77.12571405,2026-08-26,,,,2026-08-26,,False,2026年 半年报,,2026-06-30 18:44:38,False,199,False,2026
688091.SH,上海谊众,生物制品/生物科技,76.79040226000001,2026-08-26,,,,2026-08-26,,False,2026年 半年报,,2026-06-25 16:51:19,False,201,False,2026
688050.SH,爱博医疗,医疗耗材,74.87973367,2026-08-26,,,,2026-08-26,,False,2026年 半年报,,2026-06-25 16:51:19,False,208,False,2026
000650.SZ,仁和药业,中药,73.63674932,2026-08-26,,,,2026-08-26,,False,2026年 半年报,,2026-06-30 18:44:35,False,214,False,2026
600055.SH,万东医疗,互联网医疗/医疗IT,72.48559941,2026-08-26,,,,2026-08-26,,False,2026年 半年报,,2026-06-25 16:48:14,False,219,False,2026
300119.SZ,瑞普生物,动保/兽药,72.17640490999999,2026-08-26,,,,2026-08-26,,False,2026年 半年报,,2026-06-30 18:44:38,False,220,False,2026
688177.SH,百奥泰,生物制品/创新药,68.654464,2026-08-26,,,,2026-08-26,,False,2026年 半年报,,2026-06-25 16:51:19,False,223,False,2026
600771.SH,广誉远,中药,68.23505934,2026-08-26,,,,2026-08-26,,False,2026年 半年报,,2026-06-25 16:51:15,False,225,False,2026
300206.SZ,理邦仪器,医疗设备,64.28467106,2026-08-26,,,,2026-08-26,,False,2026年 半年报,,2026-06-30 18:44:38,False,236,False,2026
002038.SZ,双鹭药业,生物制品/生物科技,54.346815,2026-08-26,,,,2026-08-26,,False,2026年 半年报,,2026-06-30 18:44:36,False,267,False,2026
600488.SH,津药药业,原料药,52.84731628000001,2026-08-26,,,,2026-08-26,,False,2026年 半年报,,2026-06-25 16:48:14,False,272,False,2026
000411.SZ,英特集团,医药流通,51.28829828,2026-08-26,,,,2026-08-26,,False,2026年 半年报,,2026-06-30 18:44:35,False,277,False,2026
603590.SH,康辰药业,生物制品/生物科技,50.19961485,2026-08-26,,,,2026-08-26,,False,2026年 半年报,,2026-06-25 16:51:15,False,284,False,2026
301017.SZ,漱玉平民,零售药房,48.83509484,2026-08-26,,,,2026-08-26,,False,2026年 半年报,,2026-06-30 18:44:44,False,289,False,2026
300158.SZ,振东制药,中药,46.6382457,2026-08-26,,,,2026-08-26,,False,2026年 半年报,,2026-06-30 18:44:38,False,295,False,2026
920047.BJ,诺思兰德,生物制品/生物科技,45.61142928,2026-08-26,,,,2026-08-26,,False,2026年 半年报,,2026-06-30 02:05:33,False,298,False,2026
688580.SH,伟思医疗,医疗设备,43.34609038,2026-08-26,,,,2026-08-26,,False,2026年 半年报,,2026-06-25 16:51:19,False,302,False,2026
301201.SZ,诚达药业,CXO/CDMO,43.0104364,2026-08-26,,,,2026-08-26,,False,2026年 半年报,,2026-06-30 18:44:44,False,303,False,2026
603222.SH,济民健康,医疗耗材,41.53466646,2026-08-26,,,,2026-08-26,,False,2026年 半年报,,2026-06-25 16:51:15,False,307,False,2026
000078.SZ,ST海王,医药流通,40.25618649,2026-08-26,,,,2026-08-26,,False,2026年 半年报,,2026-06-30 18:44:35,False,308,False,2026
688235.SH,百济神州,生物制品/创新药,3905.314876,2026-08-27,,,,2026-08-27,,False,2026年 半年报,,2026-06-25 16:51:19,False,1,True,2026
688506.SH,百利天恒,生物制品/生物科技,1284.037518,2026-08-27,,,,2026-08-27,,False,2026年 半年报,,2026-06-25 16:51:19,False,5,True,2026
002422.SZ,科伦药业,化学制药/创新药,742.0994298,2026-08-27,,,,2026-08-27,,False,2026年 半年报,,2026-06-30 18:44:38,False,11,True,2026
002653.SZ,海思科,化学制药/创新药,740.48971548,2026-08-27,,,,2026-08-27,,False,2026年 半年报,,2026-06-30 18:44:38,False,12,True,2026
000963.SZ,华东医药,化学制药/创新药,501.21800602,2026-08-27,,,,2026-08-27,,False,2026年 半年报,,2026-06-30 18:44:36,False,21,True,2026
688180.SH,君实生物,生物制品/创新药,368.37633612,2026-08-27,,,,2026-08-27,,False,2026年 半年报,,2026-06-25 16:51:19,False,28,True,2026
600521.SH,华海药业,化学制药/创新药,239.71007722,2026-08-27,,,,2026-08-27,,False,2026年 半年报,,2026-06-25 16:48:14,False,56,False,2026
002901.SZ,大博医疗,医疗耗材,180.05708055,2026-08-27,,,,2026-08-27,,False,2026年 半年报,,2026-06-30 18:44:38,False,76,False,2026
688765.SH,禾元生物,血制品,160.875,2026-08-27,,,,2026-08-27,,False,2026年 半年报,,2026-06-25 16:51:19,False,85,False,2026
300723.SZ,一品红,化学制药/创新药,152.8980128,2026-08-27,,,,2026-08-27,,False,2026年 半年报,,2026-06-30 18:44:44,False,89,False,2026
688131.SH,皓元医药,CXO/CDMO,145.31903914999998,2026-08-27,,,,2026-08-27,,False,2026年 半年报,,2026-06-25 16:51:19,False,95,False,2026
688690.SH,纳微科技,CXO/CDMO,142.18319108,2026-08-27,,,,2026-08-27,,False,2026年 半年报,,2026-06-25 16:51:19,False,97,False,2026
688029.SH,南微医学,医疗耗材,133.371654,2026-08-27,,,,2026-08-27,,False,2026年 半年报,,2026-06-25 16:51:19,False,111,False,2026
301093.SZ,华兰股份,医疗耗材,129.5838912,2026-08-27,,,,2026-08-27,,False,2026年 半年报,,2026-06-30 18:44:44,False,115,False,2026
002020.SZ,京新药业,化学制药/创新药,115.89451686,2026-08-27,,,,2026-08-27,,False,2026年 半年报,,2026-06-30 18:44:36,False,136,False,2026
600420.SH,国药现代,化学制药/创新药,113.59732769,2026-08-27,,,,2026-08-27,,False,2026年 半年报,,2026-06-25 16:48:14,False,138,False,2026
688222.SH,成都先导,CXO/CDMO,110.707884,2026-08-27,,,,2026-08-27,,False,2026年 半年报,,2026-06-25 16:51:19,False,142,False,2026
688016.SH,心脉医疗,医疗耗材,109.703269,2026-08-27,,,,2026-08-27,,False,2026年 半年报,,2026-06-25 16:51:19,False,143,False,2026
688198.SH,佰仁医疗,医疗耗材,106.8925256,2026-08-27,,,,2026-08-27,,False,2026年 半年报,,2026-06-25 16:51:19,False,147,False,2026
301293.SZ,三博脑科,医疗服务,106.1862985,2026-08-27,,,,2026-08-27,,False,2026年 半年报,,2026-06-30 18:44:44,False,149,False,2026
688319.SH,欧林生物,疫苗,103.90640359,2026-08-27,,,,2026-08-27,,False,2026年 半年报,,2026-06-25 16:51:19,False,150,False,2026
688068.SH,热景生物,IVD/体外诊断,101.80690016,2026-08-27,,,,2026-08-27,,False,2026年 半年报,,2026-06-25 16:51:19,False,153,False,2026
688289.SH,圣湘生物,IVD/体外诊断,84.35889279999999,2026-08-27,,,,2026-08-27,,False,2026年 半年报,,2026-06-25 16:51:19,False,182,False,2026
688253.SH,英诺特,IVD/体外诊断,74.99890425,2026-08-27,,,,2026-08-27,,False,2026年 半年报,,2026-06-25 16:51:19,False,206,False,2026
002727.SZ,一心堂,零售药房,64.12364895,2026-08-27,,,,2026-08-27,,False,2026年 半年报,,2026-06-30 18:44:38,False,238,False,2026
688108.SH,赛诺医疗,医疗耗材,63.445113600000006,2026-08-27,,,,2026-08-27,,False,2026年 半年报,,2026-06-25 16:51:19,False,240,False,2026
002437.SZ,誉衡药业,化学制药/仿制药,61.544362320000005,2026-08-27,,,,2026-08-27,,False,2026年 半年报,,2026-06-30 18:44:38,False,249,False,2026
601515.SH,衢州东峰,医疗包装/其他,60.620827049999995,2026-08-27,,,,2026-08-27,,False,2026年 半年报,,2026-06-25 16:51:15,False,251,False,2026
300267.SZ,尔康制药,原料药,59.403021120000005,2026-08-27,,,,2026-08-27,,False,2026年 半年报,,2026-06-30 18:44:38,False,255,False,2026
002082.SZ,ST万邦,中药,55.35786355,2026-08-27,,,,2026-08-27,,False,2026年 半年报,,2026-06-30 18:44:36,False,265,False,2026
002950.SZ,奥美医疗,医疗耗材,53.9542206,2026-08-27,,,,2026-08-27,,False,2026年 半年报,,2026-06-30 18:44:38,False,268,False,2026
002349.SZ,精华制药,中药,53.690888179999995,2026-08-27,,,,2026-08-27,,False,2026年 半年报,,2026-06-30 18:44:36,False,269,False,2026
688575.SH,亚辉龙,IVD/体外诊断,48.68228316,2026-08-27,,,,2026-08-27,,False,2026年 半年报,,2026-06-25 16:51:19,False,290,False,2026
301096.SZ,百诚医药,CXO/CDMO,41.9436672,2026-08-27,,,,2026-08-27,,False,2026年 半年报,,2026-06-30 18:44:44,False,306,False,2026
301281.SZ,科源制药,原料药,36.8186,2026-08-27,,,,2026-08-27,,False,2026年 半年报,,2026-06-30 18:44:44,False,309,False,2026
300015.SZ,爱尔眼科,医疗服务,786.74317362,2026-08-28,,,,2026-08-28,,False,2026年 半年报,,2026-06-30 18:44:38,False,9,True,2026
601607.SH,上海医药,医药流通,607.42966284,2026-08-28,,,,2026-08-28,,False,2026年 半年报,,2026-06-25 16:51:15,False,15,True,2026
688796.SH,百奥赛图,CXO/CDMO,570.912706,2026-08-28,,,,2026-08-28,,False,2026年 半年报,,2026-06-25 16:51:19,False,17,True,2026
603939.SH,益丰药房,零售药房,264.05908650000003,2026-08-28,,,,2026-08-28,,False,2026年 半年报,,2026-06-25 16:51:19,False,49,False,2026
603301.SH,振德医疗,医疗耗材,227.7251606,2026-08-28,,,,2026-08-28,,False,2026年 半年报,,2026-06-25 16:51:15,False,62,False,2026
688363.SH,华熙生物,医美/美妆,174.99369006,2026-08-28,,,,2026-08-28,,False,2026年 半年报,,2026-06-25 16:51:19,False,79,False,2026
603858.SH,步长制药,中药,162.82536096,2026-08-28,,,,2026-08-28,,False,2026年 半年报,,2026-06-25 16:51:19,False,84,False,2026
300573.SZ,兴齐眼药,化学制药/创新药,138.14099448,2026-08-28,,,,2026-08-28,,False,2026年 半年报,,2026-06-30 18:44:44,False,100,False,2026
920982.BJ,锦波生物,医疗器械其他,137.79074465000002,2026-08-28,,,,2026-08-28,,False,2026年 半年报,,2026-06-30 03:05:30,False,102,False,2026
300601.SZ,康泰生物,疫苗,130.90423116,2026-08-28,,,,2026-08-28,,False,2026年 半年报,,2026-06-30 18:44:44,False,113,False,2026
301267.SZ,华厦眼科,医疗服务,129.78,2026-08-28,,,,2026-08-28,,False,2026年 半年报,,2026-06-30 18:44:44,False,114,False,2026
300357.SZ,我武生物,生物制品/创新药,119.377152,2026-08-28,,,,2026-08-28,,False,2026年 半年报,,2026-06-30 18:44:38,False,132,False,2026
002755.SZ,奥赛康,化学制药/创新药,116.57694624,2026-08-28,,,,2026-08-28,,False,2026年 半年报,,2026-06-30 18:44:38,False,135,False,2026
688758.SH,赛分科技,生物制品/生物科技,103.40803603,2026-08-28,,,,2026-08-28,,False,2026年 半年报,,2026-06-25 16:51:19,False,151,False,2026
300181.SZ,佐力药业,中药,95.73936645,2026-08-28,,,,2026-08-28,,False,2026年 半年报,,2026-06-30 18:44:38,False,159,False,2026
603883.SH,老百姓,零售药房,90.83915694,2026-08-28,,,,2026-08-28,,False,2026年 半年报,,2026-06-25 16:51:19,False,164,False,2026
300171.SZ,东富龙,医疗设备,90.06138456,2026-08-28,,,,2026-08-28,,False,2026年 半年报,,2026-06-30 18:44:38,False,166,False,2026
688351.SH,微电生理,医疗耗材,88.80221999999999,2026-08-28,,,,2026-08-28,,False,2026年 半年报,,2026-06-25 16:51:19,False,172,False,2026
600645.SH,中源协和,IVD/体外诊断,83.2949042,2026-08-31,2026-08-28,,,2026-08-28,,False,2026年 半年报,,2026-06-25 16:51:15,True,186,False,2026
002332.SZ,仙琚制药,原料药,81.11480180000001,2026-08-28,,,,2026-08-28,,False,2026年 半年报,,2026-06-30 18:44:36,False,193,False,2026
301246.SZ,宏源药业,原料药,74.0012765,2026-08-28,,,,2026-08-28,,False,2026年 半年报,,2026-06-30 18:44:44,False,212,False,2026
600557.SH,康缘药业,中药,70.03384356,2026-08-28,,,,2026-08-28,,False,2026年 半年报,,2026-06-25 16:48:14,False,222,False,2026
300702.SZ,天宇股份,CXO/CDMO,68.30792436,2026-08-28,,,,2026-08-28,,False,2026年 半年报,,2026-06-30 18:44:44,False,224,False,2026
301602.SZ,超研股份,医疗设备,60.90846912,2026-08-28,,,,2026-08-28,,False,2026年 半年报,,2026-06-30 18:44:45,False,250,False,2026
603368.SH,柳药集团,医药流通,59.85975798,2026-08-28,,,,2026-08-28,,False,2026年 半年报,,2026-06-25 16:51:15,False,253,False,2026
301367.SZ,瑞迈特,医疗设备,58.708222979999995,2026-08-28,,,,2026-08-28,,False,2026年 半年报,,2026-06-30 18:44:44,False,258,False,2026
002390.SZ,信邦制药,中药,55.78854953,2026-08-28,,,,2026-08-28,,False,2026年 半年报,,2026-06-30 18:44:36,False,263,False,2026
603108.SH,润达医疗,医药流通,53.386515540000005,2026-08-28,,,,2026-08-28,,False,2026年 半年报,,2026-06-25 16:51:15,False,271,False,2026
301408.SZ,华人健康,零售药房,52.321308,2026-08-28,,,,2026-08-28,,False,2026年 半年报,,2026-06-30 18:44:45,False,273,False,2026
688566.SH,吉贝尔,化学制药/创新药,46.4544696,2026-08-28,,,,2026-08-28,,False,2026年 半年报,,2026-06-25 16:51:19,False,296,False,2026
301333.SZ,诺思格,CXO/CDMO,46.04028474,2026-08-28,,,,2026-08-28,,False,2026年 半年报,,2026-06-30 18:44:44,False,297,False,2026
301230.SZ,泓博医药,CXO/CDMO,44.6924517,2026-08-28,,,,2026-08-28,,False,2026年 半年报,,2026-06-30 18:44:44,False,299,False,2026
688410.SH,山外山,医疗设备,42.0594446,2026-08-28,,,,2026-08-28,,False,2026年 半年报,,2026-06-25 16:51:19,False,305,False,2026
300760.SZ,迈瑞医疗,医疗设备,1774.77171254,2026-08-29,,,,2026-08-29,,False,2026年 半年报,,2026-06-30 18:44:44,False,4,True,2026
000538.SZ,云南白药,中药,909.973926,2026-08-29,,,,2026-08-29,,False,2026年 半年报,,2026-06-30 18:44:35,False,7,True,2026
600436.SH,片仔癀,中药,786.18264332,2026-08-29,,,,2026-08-29,,False,2026年 半年报,,2026-06-25 16:48:14,False,10,True,2026
300347.SZ,泰格医药,CXO/CDMO,404.25173048,2026-08-29,,,,2026-08-29,,False,2026年 半年报,,2026-06-30 18:44:38,False,24,True,2026
603127.SH,昭衍新药,CXO/CDMO,339.15499532,2026-08-29,,,,2026-08-29,,False,2026年 半年报,,2026-06-25 16:51:15,False,34,False,2026
002603.SZ,以岭药业,生物制品/生物科技,273.9956856,2026-08-29,,,,2026-08-29,,False,2026年 半年报,,2026-06-30 18:44:38,False,46,False,2026
600566.SH,济川药业,中药,245.73356458,2026-08-29,,,,2026-08-29,,False,2026年 半年报,,2026-06-25 16:48:14,False,52,False,2026
600161.SH,天坛生物,血制品,238.2732537,2026-08-29,,,,2026-08-29,,False,2026年 半年报,,2026-06-25 16:48:14,False,57,False,2026
002007.SZ,华兰生物,疫苗,232.7756025,2026-08-29,,,,2026-08-29,,False,2026年 半年报,,2026-06-30 18:44:36,False,59,False,2026
000623.SZ,吉林敖东,中药,211.31471718,2026-08-27,2026-08-29,,,2026-08-29,,False,2026年 半年报,,2026-06-30 18:44:35,True,67,False,2026
300142.SZ,沃森生物,疫苗,190.9622109,2026-08-29,,,,2026-08-29,,False,2026年 半年报,,2026-06-30 18:44:38,False,72,False,2026
688520.SH,神州细胞,生物制品/创新药,158.78533232,2026-08-29,,,,2026-08-29,,False,2026年 半年报,,2026-06-25 16:51:19,False,87,False,2026
300436.SZ,广生堂,化学制药/创新药,137.4952011,2026-08-29,,,,2026-08-29,,False,2026年 半年报,,2026-06-30 18:44:39,False,104,False,2026
002399.SZ,海普瑞,CXO/CDMO,137.04546508,2026-08-29,,,,2026-08-29,,False,2026年 半年报,,2026-06-30 18:44:38,False,105,False,2026
301087.SZ,可孚医疗,医疗耗材,126.7474581,2026-08-29,,,,2026-08-29,,False,2026年 半年报,,2026-06-30 18:44:44,False,117,False,2026
000028.SZ,国药一致,医药流通,123.4238544,2026-08-25,2026-08-29,,,2026-08-29,,False,2026年 半年报,,2026-06-30 18:44:35,True,122,False,2026
603707.SH,健友股份,生物制品/生物科技,121.9816505,2026-08-29,,,,2026-08-29,,False,2026年 半年报,,2026-06-25 16:51:15,False,125,False,2026
688185.SH,康希诺,疫苗,119.4456773,2026-08-29,,,,2026-08-29,,False,2026年 半年报,,2026-06-25 16:51:19,False,131,False,2026
002019.SZ,亿帆医药,生物制品/生物科技,119.20622833,2026-08-20,2026-08-29,,,2026-08-29,,False,2026年 半年报,,2026-06-30 18:44:36,True,133,False,2026
301015.SZ,百洋医药,医药流通,119.00129624,2026-08-29,,,,2026-08-29,,False,2026年 半年报,,2026-06-30 18:44:44,False,134,False,2026
301207.SZ,华兰疫苗,疫苗,96.94575188,2026-08-29,,,,2026-08-29,,False,2026年 半年报,,2026-06-30 18:44:44,False,157,False,2026
600718.SH,东软集团,互联网医疗/医疗IT,95.95439978,2026-08-29,,,,2026-08-29,,False,2026年 半年报,,2026-06-25 16:51:15,False,158,False,2026
300595.SZ,欧普康视,医疗耗材,94.54253952,2026-08-29,,,,2026-08-29,,False,2026年 半年报,,2026-06-30 18:44:44,False,160,False,2026
301080.SZ,百普赛斯,生物制品/创新药,87.56200409,2026-08-29,,,,2026-08-29,,False,2026年 半年报,,2026-06-30 18:44:44,False,175,False,2026
688105.SH,诺唯赞,医疗器械其他,87.26708488,2026-08-29,,,,2026-08-29,,False,2026年 半年报,,2026-06-25 16:51:19,False,177,False,2026
002099.SZ,海翔药业,CXO/CDMO,81.42137722999999,2026-08-29,,,,2026-08-29,,False,2026年 半年报,,2026-06-30 18:44:36,False,191,False,2026
605116.SH,奥锐特,原料药,76.11873168,2026-08-29,,,,2026-08-29,,False,2026年 半年报,,2026-06-25 16:51:19,False,202,False,2026
002737.SZ,葵花药业,中药,76.0952,2026-08-29,,,,2026-08-29,,False,2026年 半年报,,2026-06-30 18:44:38,False,203,False,2026
600587.SH,新华医疗,医疗设备,74.8599313,2026-08-29,,,,2026-08-29,,False,2026年 半年报,,2026-06-25 16:48:14,False,209,False,2026
600789.SH,鲁抗医药,化学制药/创新药,74.2084758,2026-08-29,,,,2026-08-29,,False,2026年 半年报,,2026-06-25 16:51:15,False,211,False,2026
002030.SZ,达安基因,IVD/体外诊断,72.979192,2026-08-29,,,,2026-08-29,,False,2026年 半年报,,2026-06-30 18:44:36,False,217,False,2026
688176.SH,亚虹医药,化学制药/创新药,71.98177876,2026-08-29,,,,2026-08-29,,False,2026年 半年报,,2026-06-25 16:51:19,False,221,False,2026
000813.SZ,德展健康,化学制药/创新药,66.89766544999999,2026-08-29,,,,2026-08-29,,False,2026年 半年报,,2026-06-30 18:44:35,False,231,False,2026
600713.SH,南京医药,医药流通,63.9692196,2026-08-29,,,,2026-08-29,,False,2026年 半年报,,2026-06-25 16:51:15,False,239,False,2026
688626.SH,翔宇医疗,医疗设备,63.376,2026-08-29,,,,2026-08-29,,False,2026年 半年报,,2026-06-25 16:51:19,False,241,False,2026
688488.SH,艾迪药业,生物制品/创新药,63.11742,2026-08-29,,,,2026-08-29,,False,2026年 半年报,,2026-06-25 16:51:19,False,242,False,2026
688621.SH,阳光诺和,CXO/CDMO,61.8464,2026-08-29,,,,2026-08-29,,False,2026年 半年报,,2026-06-25 16:51:19,False,247,False,2026
603229.SH,奥翔药业,原料药,60.36259917,2026-08-29,,,,2026-08-29,,False,2026年 半年报,,2026-06-25 16:51:15,False,252,False,2026
688197.SH,首药控股,化学制药/创新药,51.4569124,2026-08-29,,,,2026-08-29,,False,2026年 半年报,,2026-06-25 16:51:19,False,275,False,2026
688236.SH,春立医疗,医疗耗材,50.7844694,2026-08-29,,,,2026-08-29,,False,2026年 半年报,,2026-06-25 16:51:19,False,280,False,2026
688767.SH,博拓生物,IVD/体外诊断,50.1759888,2026-08-29,,,,2026-08-29,,False,2026年 半年报,,2026-06-25 16:51:19,False,285,False,2026
300451.SZ,创业慧康,互联网医疗/医疗IT,48.95234052,2026-08-29,,,,2026-08-29,,False,2026年 半年报,,2026-06-30 18:44:44,False,288,False,2026
301235.SZ,华康洁净,医疗设备,48.00525012,2026-08-29,,,,2026-08-29,,False,2026年 半年报,,2026-06-30 18:44:44,False,292,False,2026
600513.SH,联环药业,化学制药/仿制药,44.01736146,2026-08-29,,,,2026-08-29,,False,2026年 半年报,,2026-06-25 16:48:14,False,300,False,2026
600085.SH,同仁堂,中药,343.69045718,2026-08-31,,,,2026-08-31,,False,2026年 半年报,,2026-06-25 16:48:14,False,33,False,2026
600299.SH,安迪苏,营养品/维生素,245.45841021,2026-08-31,,,,2026-08-31,,False,2026年 半年报,,2026-06-25 16:48:14,False,53,False,2026
002044.SZ,美年健康,医疗服务,169.09576848,2026-08-26,2026-08-31,,,2026-08-31,,False,2026年 半年报,,2026-06-30 18:44:36,True,81,False,2026
600739.SH,辽宁成大,疫苗,159.84316950000002,2026-08-31,,,,2026-08-31,,False,2026年 半年报,,2026-06-25 16:51:15,False,86,False,2026
688166.SH,博瑞医药,原料药,151.7002395,2026-08-31,,,,2026-08-31,,False,2026年 半年报,,2026-06-25 16:51:19,False,92,False,2026
688062.SH,迈威生物,生物制品/创新药,138.88841918,2026-08-31,,,,2026-08-31,,False,2026年 半年报,,2026-06-25 16:51:19,False,98,False,2026
688443.SH,智翔金泰,生物制品/创新药,85.61978,2026-08-31,,,,2026-08-31,,False,2026年 半年报,,2026-06-25 16:51:19,False,179,False,2026
688293.SH,奥浦迈,CXO/CDMO,75.17807354,2026-08-31,,,,2026-08-31,,False,2026年 半年报,,2026-06-25 16:51:19,False,205,False,2026
688221.SH,前沿生物,生物制品/创新药,74.39132982,2026-08-31,,,,2026-08-31,,False,2026年 半年报,,2026-06-25 16:51:19,False,210,False,2026
600252.SH,中恒集团,中药,67.18584141000001,2026-08-31,,,,2026-08-31,,False,2026年 半年报,,2026-06-25 16:48:14,False,230,False,2026
