trade_date,market_close,healthcare_close,market_ret_20d,market_ret_60d,market_ma60_gap,market_state,market_normalized,healthcare_ret_20d,healthcare_ret_60d,healthcare_ma60_gap,healthcare_state,healthcare_normalized,market_regime
2025-01-20,3829.6764,1.9282999176568,-0.024967945340430897,-0.03203516511513815,-0.024894702167462146,下跌,128.96551187655524,-0.07147500241146176,-0.061933862600845546,-0.05658445045082561,下跌,192.82999176568,防御状态
2025-01-21,3832.6145,1.9173956189610821,-0.025665554140895552,-0.03318294490311413,-0.023601565122436607,下跌,129.06445328331338,-0.053021484420973874,-0.08430688346761672,-0.060567065623152394,下跌,191.7395618961082,防御状态
2025-01-22,3797.0166,1.9012481082701935,-0.04685898861261284,-0.03252071713929061,-0.03214599343731317,下跌,127.86568322659777,-0.06958399969957807,-0.06565358031792334,-0.06746125693458704,下跌,190.12481082701936,防御状态
2025-01-23,3803.7439,1.8976896835856059,-0.04563525492123699,-0.022035205143597802,-0.0300780654135262,下跌,128.09222709021174,-0.06217856309620684,-0.05692224587498562,-0.06833425844889784,下跌,189.76896835856058,防御状态
2025-01-24,3832.8637,1.9045299578299224,-0.038775466239944434,-0.01495124850438434,-0.022411068880093254,下跌,129.07284516873733,-0.05668489725644266,-0.05625404959735203,-0.06410669013379178,下跌,190.45299578299225,防御状态
2025-01-27,3817.0802,1.90151063802212,-0.04118292782821287,-0.018750570530441824,-0.02613476251530311,下跌,128.5413310291344,-0.06428007093324861,-0.049165322248801546,-0.06483733977929351,下跌,190.151063802212,防御状态
2025-02-05,3795.0848,1.919574392339414,-0.051004576106219446,-0.03794325330509807,-0.031129879197598687,下跌,127.80062927691075,-0.04827391458775687,-0.05779330463624677,-0.055041606283488864,下跌,191.9574392339414,防御状态
2025-02-06,3842.8314,1.9420761507444582,-0.023400656924658647,-0.049879461920882884,-0.01809750103550478,下跌,129.4085104831049,-0.015254650901463385,-0.06860072596492406,-0.042841244450910865,下跌,194.2076150744458,防御状态
2025-02-07,3892.7028,1.9733519065226566,0.018926733024897446,-0.03269658141098475,-0.004796933110887136,修复,131.0879449724002,0.0221760516539522,-0.053429357629140584,-0.026536211276071198,修复,197.33519065226565,医疗修复
2025-02-10,3901.0618,2.018746034280031,0.03334874281514799,-0.05900901735371189,-0.0016191930947641042,修复,131.3694368273716,0.05852958894043536,-0.05902298345221069,-0.0031052181270169177,修复,201.8746034280031,医疗修复
2025-02-11,3883.1352,1.9982274980379122,0.03029090416938085,-0.05382779485712508,-0.005269748634619376,修复,130.7657531466287,0.03045540048876072,-0.06874320342424878,-0.012038263784903025,修复,199.82274980379123,医疗修复
2025-02-12,3919.8617,2.001145377369826,0.03260083261648017,-0.05114083522692281,0.005044915048459275,上涨,132.0025291499313,0.043216823461570186,-0.08475517834618995,-0.00908243396223396,修复,200.11453773698258,大盘独涨
2025-02-13,3905.1398,1.9898123085762434,0.03059327349385499,-0.04420326976023703,0.002043597535749564,上涨,131.50676471163686,0.04322706796895859,-0.09772745230344082,-0.012938619174222676,修复,198.98123085762433,大盘独涨
2025-02-14,3939.0085,2.041019453235256,0.042099567623530953,-0.0418112855899504,0.011477679468190338,上涨,132.64730343498525,0.07779316610986209,-0.06295172819743744,0.013612137794751122,上涨,204.1019453235256,风险偏好
2025-02-17,3947.3983,2.0564973169450815,0.05758039305013396,-0.022829083068747758,0.0140322729537663,上涨,132.9298324892787,0.11170924894389889,-0.02642154741343572,0.021770762837353796,上涨,205.64973169450815,风险偏好
2025-02-18,3912.7829,2.0100080773842426,0.05111329362718142,-0.014122018000868208,0.005381310193410371,上涨,131.76414841743085,0.08062384924967558,-0.027761487973081977,-0.0008525511085255566,修复,201.00080773842427,大盘独涨
2025-02-19,3940.1602,2.0294771005464685,0.031309897463434044,-0.002587193750394623,0.012460163528674517,上涨,132.6860872810638,0.05767486115626319,0.00021877503923084518,0.008821523228982775,上涨,202.94771005464685,风险偏好
2025-02-20,3928.8959,2.0582864978862623,0.03500236826618153,-0.012068547412109276,0.009773254770801154,上涨,132.30675856926166,0.08426108033812518,-0.0048904738018120675,0.023227977482179307,上涨,205.82864978862622,风险偏好
2025-02-21,3978.444,2.0707616268280473,0.046853270285662774,-0.0018387149874351527,0.02253980961664248,上涨,133.97530583320562,0.09025406206223874,-0.023565332741675604,0.029856124458234934,上涨,207.07616268280472,风险偏好
2025-02-24,3969.7169,2.059190049440139,0.04128012724143981,-0.004908382500088626,0.0203823582127467,上涨,133.68141809932348,0.07724002555177378,-0.026778375792448017,0.02458239195730183,上涨,205.91900494401392,风险偏好
2025-02-25,3925.6505,2.037711917241353,0.025060629143496493,0.015508605701287426,0.008796367076416622,上涨,132.19746874199475,0.05674013600410577,0.009085001991490094,0.013741380374476142,上涨,203.7711917241353,风险偏好
2025-02-26,3959.9413,2.0666563274711267,0.03322191678813513,0.029066465139895747,0.017121016936365585,上涨,133.35222181059777,0.07784554581955283,0.014106722125430515,0.02789592095618576,上涨,206.66563274711268,风险偏好
2025-02-27,3968.1159,2.0806359714815215,0.04506150960730593,0.0333138143069005,0.018662805376523872,上涨,133.62750393975784,0.09435268465541813,0.021593626108581176,0.03447186657807566,上涨,208.06359714815216,风险偏好
2025-02-28,3890.0487,2.0291717107367195,0.022689435006389314,-0.004350091003565981,-0.0013053554342690177,修复,130.99856735159875,0.06928531481642652,-0.021491756032922082,0.009257073492117796,上涨,202.91717107367197,医疗独立行情
2025-03-03,3888.4738,2.048564381960306,0.014508760121055175,0.004111837921803918,-0.0017776926931559744,修复,130.94553211743266,0.07562728196436486,-0.008228588446902663,0.019046060602261994,上涨,204.85643819603058,医疗独立行情
2025-03-04,3885.2208,2.0678395975846593,0.017851498116282727,-0.008007591923490875,-0.002478927496204819,修复,130.8359863578655,0.08747201106145175,-0.010950064488600586,0.028829678253340374,上涨,206.78395975846593,医疗独立行情
2025-03-05,3902.5706,2.050665710596948,0.028322371083776554,-0.01141479246292465,0.002168833452518948,上涨,131.4202461240316,0.06829186656203046,-0.038397973790257334,0.020978275059509555,上涨,205.06657105969478,风险偏好
2025-03-06,3956.2369,2.0864981432916485,0.02951092259733268,0.0010996507191289862,0.015931288248126174,上涨,133.2274750194079,0.07436474233609691,-0.017956100266431463,0.03914736407217201,上涨,208.64981432916485,风险偏好
2025-03-07,3944.0143,2.068345158645756,0.013181458394409207,0.0034238151704104602,0.012734288497364243,上涨,132.81587526506252,0.04813801928034822,-0.009701965500294563,0.03027985005089051,上涨,206.8345158645756,风险偏好
2025-03-10,3928.8018,2.093679743997881,0.007110884528924943,0.0018394843660405336,0.008796916661190757,上涨,132.30358972328096,0.0371189384129611,-0.002346081907904418,0.04294209169994834,上涨,209.3679743997881,风险偏好
2025-03-11,3941.4157,2.0916208425552676,0.015008619838938309,-0.007984817048377724,0.012173201663810751,上涨,132.7283666235589,0.046738093940284386,-0.020243166475714336,0.04229043866463611,上涨,209.16208425552676,风险偏好
2025-03-12,3927.2315,2.0808306379743047,0.0018801173520994752,-0.009917710280124115,0.008700475669957353,上涨,132.2507093955071,0.039819825938489206,-0.024095955666815327,0.03735614082344907,上涨,208.08306379743047,风险偏好
2025-03-13,3911.5793,2.0697622813073253,0.001648980658771837,-0.02103734701218729,0.005041891340745286,上涨,131.723616823144,0.040179655330551345,-0.03226808682199722,0.03243025878055561,上涨,206.97622813073252,风险偏好
2025-03-14,4006.5567,2.107081514890803,0.017148528620844594,0.004443883656333636,0.029367264155315098,上涨,134.92200951441797,0.03236718863743837,-0.020917419872380605,0.051439183181045456,上涨,210.70815148908028,风险偏好
2025-03-17,3996.7876,2.1114504009920636,0.012511861293551307,-0.007873194044599408,0.026996860303498016,上涨,134.59303211515956,0.026721690125331543,-0.028207839388211364,0.05415659001026207,上涨,211.14504009920637,风险偏好
2025-03-18,4007.7229,2.1237854303519974,0.02426406024213601,0.018952116312578315,0.02947810274694196,上涨,134.96128165238514,0.056605420768169656,-0.0010077727909709733,0.060333843742836235,上涨,212.37854303519975,风险偏好
2025-03-19,4010.168,2.1238561922148698,0.017767754722257223,0.02513557808680189,0.029672735796656635,上涨,135.04362113492977,0.046504142196523546,0.0060501769459015975,0.060256487966276806,上涨,212.385619221487,风险偏好
2025-03-20,3974.9918,2.1090349463372773,0.011732532796300266,0.013502791689637306,0.02040944479359208,上涨,133.85905195334772,0.024655677673215415,0.0220274014383941,0.052459492334953506,上涨,210.90349463372772,风险偏好
2025-03-21,3914.6956,2.0782091724778957,-0.01602345037406583,-0.006898822645989622,0.005047906945886638,转弱,131.82855916883696,0.003596524850258298,0.006132723103968507,0.03696743462343699,上涨,207.82091724778957,医疗独立行情
2025-03-24,3934.8486,2.0584745648740257,-0.008783573458349125,-0.002690406336289808,0.01026781835353252,转弱,132.5072175434318,-0.00034745921888468256,-0.0009161051763738604,0.027136547989578874,转弱,205.84745648740258,防御状态
2025-03-25,3932.2951,2.065850445236242,0.00169261119908648,0.0011586803732961393,0.009592548978787363,上涨,132.42122765807835,0.013808884247476394,-0.005240957531035151,0.03091027424509396,上涨,206.5850445236242,风险偏好
2025-03-26,3919.3566,2.0727124843611597,-0.010248813536705703,-0.0036138148031262807,0.00633188169351917,转弱,131.98551975455555,0.0029304131555554225,0.02368763767488624,0.033922169237946775,上涨,207.27124843611597,医疗独立行情
2025-03-27,3932.4117,2.1060406704068964,-0.008997771461261905,-0.012871614801580056,0.00990550443786864,转弱,132.42515419836903,0.012210064265728127,0.030635574866030302,0.05000064296761053,上涨,210.60406704068964,医疗独立行情
2025-03-28,3915.1662,2.099190539542217,0.006456860038795975,-0.017679241653469457,0.005779930356691221,上涨,131.8444067662708,0.03450611322591124,0.03740137555504752,0.04592764190576104,上涨,209.91905395422168,风险偏好
2025-03-31,3887.3056,2.072206544730726,-0.0003004263523648243,-0.025122257036467754,-0.0009487751852362836,下跌,130.90619262886014,0.011540844397478267,0.02636544078089975,0.03202658973250183,上涨,207.22065447307259,医疗独立行情
2025-04-01,3887.6841,2.1441733772747744,0.0006340180202886181,-0.023447847312506265,-0.0004518399358214298,修复,130.9189387309186,0.036914748986950796,0.05513254586747629,0.06687626490297993,上涨,214.41733772747745,医疗独立行情
2025-04-02,3884.3858,2.1434303804692196,-0.004659697892460901,-0.028674049961154635,-0.0008088820015610398,下跌,130.80786748014074,0.045236368557246776,0.06271401280338895,0.06538901758116689,上涨,214.34303804692198,医疗独立行情
2025-04-03,3861.5034,2.134415261379502,-0.0239453557495507,-0.01865544147390985,-0.00638227902997357,下跌,130.0372957344538,0.0229653298479624,0.08227244378789966,0.05948397137475503,上涨,213.44152613795023,医疗独立行情
2025-04-07,3589.4406,1.895945983940166,-0.08990172779038852,-0.06045306516980231,-0.07547205351766806,下跌,120.87549860074066,-0.08335125981510161,-0.017919422477383873,-0.058618313388573706,下跌,189.5945983940166,防御状态
2025-04-08,3650.759,1.9282378286894932,-0.07077038093395294,-0.03295374019168651,-0.059175898197019294,下跌,122.94041427963494,-0.07901968569102957,0.01107160659266726,-0.042751918407283096,下跌,192.8237828689493,防御状态
2025-04-09,3686.7943,1.9441878126085088,-0.0646015085391779,-0.021803146891841596,-0.0495539073499387,下跌,124.15391391373593,-0.0704874549665725,0.0025879600966527416,-0.03487383523212917,下跌,194.4187812608509,防御状态
2025-04-10,3735.1151,1.9944520995863912,-0.048919041314473,-0.01606657138480483,-0.03684453173891111,下跌,125.78113147871991,-0.0415115660119284,0.039727551734116906,-0.010545691750273312,下跌,199.4452099586391,防御状态
2025-04-11,3750.5167,2.0090827703534764,-0.04117584935578311,-0.010212826914321682,-0.03271212176993821,下跌,126.29978502023533,-0.029317140186515434,0.05333026576888322,-0.004124959840721143,下跌,200.90827703534762,防御状态
2025-04-14,3759.1422,2.0398550960568484,-0.061752402006441165,-0.005485654256554895,-0.03040111771976961,下跌,126.59025134336675,-0.03190499198007457,0.07717830856511432,0.00990906733670327,转弱,203.98550960568485,防御状态
2025-04-15,3761.2348,2.039930521160227,-0.05893553112504646,0.007703777482460428,-0.029981275500409188,下跌,126.66072028172219,-0.03387239397062469,0.10275350660101723,0.00836485923191188,转弱,203.9930521160227,防御状态
2025-04-16,3772.8204,2.0076625085687825,-0.05861246045728363,0.013514365161384267,-0.027203715440139664,下跌,127.0508688682704,-0.054677332334824746,0.07936282068438705,-0.008791120251618656,下跌,200.76625085687826,防御状态
2025-04-17,3772.2221,2.0110790808033254,-0.059335643793477,-0.012646747926568946,-0.02715598309534606,下跌,127.0307209346863,-0.05310016366688852,0.048086616493566936,-0.007857589253968289,下跌,201.10790808033255,防御状态
2025-04-18,3772.523,2.0080764896043277,-0.050935652244615826,-0.006191474979359901,-0.026980085066827475,下跌,127.04085383325803,-0.0478695039682876,0.057811527333981205,-0.010232010017633075,下跌,200.80764896043277,防御状态
2025-04-21,3784.8806,2.045406330731849,-0.03316094359929289,-0.0040793250449771,-0.02372771587140199,下跌,127.45699975346312,-0.01578418677987803,0.07690452235398393,0.006959347179786635,转弱,204.5406330731849,防御状态
2025-04-22,3783.9522,2.063896359013503,-0.03834871816923269,-0.007447047850811073,-0.023848046463242678,下跌,127.42573560246953,0.002633889304242798,0.07970207369854077,0.014793476786203241,上涨,206.38963590135032,医疗独立行情
2025-04-23,3786.8824,2.0508626356155504,-0.036979091421699195,-0.011174312273486087,-0.022912360111721264,下跌,127.52441097433662,-0.007255031290020364,0.06355998713503253,0.007373166044121637,转弱,205.08626356155503,防御状态
2025-04-24,3784.3574,2.057238206235994,-0.03444422485057885,-0.012591169813713443,-0.023361185221163927,下跌,127.4393808351091,-0.007465713764895465,0.0729336115572663,0.009349277498633901,转弱,205.7238206235994,防御状态
2025-04-25,3786.9937,2.047326231839128,-0.03697934272751757,-0.002639677688003772,-0.022638693898357376,下跌,127.52815903552317,-0.02787906206788715,0.07683275156646441,0.0032876941563206863,转弱,204.73262318391278,防御状态
2025-04-28,3781.6188,2.0298805229924644,-0.034110276084831304,-0.005816663945225065,-0.02393297680272477,下跌,127.34715765123251,-0.03301749662270648,0.06965882807408708,-0.006334361728489668,下跌,202.98805229924645,防御状态
2025-04-29,3775.0767,2.0433174020925744,-0.028870614134376305,-0.015076716659660927,-0.025379267436688058,下跌,127.126850453672,-0.013941246692619425,0.07287228205157281,-0.0008880636803388908,下跌,204.33174020925745,防御状态
2025-04-30,3770.5705,2.057443867657944,-0.03012425829557508,-0.012184627401855552,-0.026347791538628984,下跌,126.97510280480584,-0.04044892569604752,0.08200492099167,0.004742499097061259,转弱,205.7443867657944,防御状态
2025-05-06,3808.5424,2.0841303466603787,-0.01952519752286197,0.0035460604200463486,-0.016599488025212827,下跌,128.25381803004666,-0.02766594816849599,0.08572522897662638,0.016413390891843793,转弱,208.41303466603787,防御状态
2025-05-07,3831.627,2.0810419412262067,-0.007736986584033545,-0.0029156626543647146,-0.010591125688541259,下跌,129.03119892193234,-0.025006061903249166,0.07155527368403058,0.013762114446507878,转弱,208.10419412262067,防御状态
2025-05-08,3852.8963,2.0899340020482144,0.07339742577158126,-0.010225928370385828,-0.004928462249204513,修复,129.7474490368914,0.10231727050836192,0.05907820857507007,0.01713105897009437,上涨,208.99340020482146,医疗独立行情
2025-05-09,3846.1566,2.0786475002876688,0.053522459302298486,-0.014074424557949827,-0.006434281612497483,修复,129.52048759952442,0.07800369298863918,0.02967261111128372,0.011146835859820792,上涨,207.86475002876688,医疗独立行情
2025-05-12,3890.6096,2.0788398956679783,0.055282525526308746,0.001924836405386987,0.005016782067525538,上涨,131.01745582886318,0.06925878363510951,0.04034195190949008,0.010579953193418312,上涨,207.88398956679782,风险偏好
2025-05-13,3896.2583,2.0940705719536776,0.04314276687216423,-0.006021487951985649,0.006578234710577391,上涨,131.20767751102335,0.04994778886288875,0.046436003917909474,0.017218140383352232,上涨,209.40705719536777,风险偏好
2025-05-14,3943.2108,2.090195884884761,0.05137801412802667,0.009748946759857269,0.01854120744338772,上涨,132.7888171593717,0.040373206981917376,0.050448766386586685,0.014511466973349263,上涨,209.0195884884761,风险偏好
2025-05-15,3907.1992,2.085669628823112,0.03938584712225035,-0.008075458583041928,0.009377545662783815,上涨,131.57611562994384,0.022459699639854502,0.02187640863347995,0.011949061952969187,上涨,208.5669628823112,风险偏好
2025-05-16,3889.0854,2.105375439201954,0.03399165614441291,-0.014772489515435971,0.004950381787228064,上涨,130.96612793254218,0.032081934832027814,0.023767656711305873,0.021106556008340327,上涨,210.5375439201954,风险偏好
2025-05-19,3877.1453,2.1059337865669936,0.02765170056862498,-0.009107993188173014,0.002018817802595274,上涨,130.56404145119947,0.048948106356912824,0.04772404164046229,0.0205859929007981,上涨,210.59337865669937,风险偏好
2025-05-20,3898.1705,2.145689496673152,0.033388383997856375,-0.010656850957481256,0.007634867603644402,上涨,131.27207142477815,0.06693442199998234,0.057262235723374966,0.03887741527370303,上涨,214.5689496673152,风险偏好
2025-05-21,3916.3807,2.155509274438348,0.038133021322865446,-0.0031854241798566774,0.012396592923316296,上涨,131.8853054213567,0.07341990486780237,0.047234812380068325,0.04281372478578849,上涨,215.55092744383478,风险偏好
2025-05-22,3913.8651,2.135203371208832,0.03407888217134247,-0.016232200327565227,0.012027879800217356,上涨,131.80059182997422,0.04390181018206474,0.031119827384234133,0.032453465433625484,上涨,213.5203371208832,风险偏好
2025-05-23,3882.2741,2.1476071257317075,0.025983917027281755,-0.0220274649811929,0.004237674313955386,上涨,130.73675534350443,0.04055957865937421,0.04293779309763446,0.03771173793633875,上涨,214.76071257317076,风险偏好
2025-05-26,3860.1067,2.1280506154925556,0.019336301544510492,-0.01669629020718999,-0.0012141932744462736,修复,129.99026143922248,0.03763683561080522,0.04433340036284572,0.0275146050693742,上涨,212.80506154925556,医疗独立行情
2025-05-27,3839.3969,2.1522436358595685,0.014543948729578426,-0.03044095628387211,-0.006056073083585356,修复,129.29285265610415,0.04618105445231846,0.04141342092091871,0.0384807807297296,上涨,215.22436358595684,医疗独立行情
2025-05-28,3836.2366,2.1396107447871286,0.013003163960901176,-0.03323473994295367,-0.00630878634130605,修复,129.18642859709396,0.04507562669438414,0.028344589882109084,0.031895881246122526,上涨,213.96107447871287,医疗独立行情
2025-05-29,3858.6998,2.199986055409309,0.02038306981126703,-0.008058742298007737,-0.00035490809276228497,修复,129.942883655904,0.08380076092659583,0.08417934459108589,0.059559023728423366,上涨,219.99860554093092,医疗独立行情
2025-05-30,3840.2323,2.2157137991640563,0.01725941091475036,-0.012406281353882331,-0.0049318824506084935,修复,129.32098500394994,0.08437083582556948,0.08159344108277544,0.06570396583223381,上涨,221.57137991640562,医疗独立行情
2025-06-03,3852.0127,2.267520960293866,0.021599437008272382,-0.008547287711421658,-0.0017362208390551137,修复,129.71769353945717,0.10210586832439805,0.09656520889842923,0.0888789734490294,上涨,226.7520960293866,医疗独立行情
2025-06-04,3868.7429,2.285556124709502,0.015806703372923003,-0.008668055870661218,0.0027459851230913213,上涨,130.28108808809245,0.09664739941620692,0.11454349331475266,0.09548015279233102,上涨,228.5556124709502,风险偏好
2025-06-05,3877.5557,2.262252306103467,0.011986735660856285,-0.019887888917875518,0.005371907336833681,上涨,130.5778617954129,0.08707674808826127,0.08423403748375735,0.08279026181621596,上涨,226.22523061034673,风险偏好
2025-06-06,3873.9841,2.257900297955113,0.005473233214192685,-0.01775607152337144,0.004749924621292756,上涨,130.45758708441687,0.08036918665483461,0.09164579640734027,0.07907554710258613,上涨,225.7900297955113,风险偏好
2025-06-09,3885.2459,2.3170942688857012,0.01016321072314108,-0.01108630626263718,0.007860522260172864,上涨,130.83683160796235,0.11471246017664538,0.10670902535514348,0.10539790360567336,上涨,231.70942688857014,风险偏好
2025-06-10,3865.4652,2.3227766506671106,-0.006462843252121653,-0.0192698527080003,0.003058640196236473,转弱,130.17071054854947,0.11734273308274656,0.11051515810554235,0.10607586490482301,上涨,232.27766506671105,医疗独立行情
2025-06-11,3894.6252,2.315988736411482,-0.0004191457224486106,-0.008302617250854682,0.010767973626986782,转弱,131.15268237424218,0.10597453945917601,0.11301164743811376,0.10078912394219186,上涨,231.5988736411482,医疗独立行情
2025-06-12,3892.1992,2.3393648694509617,-0.012936564284110719,-0.0049545461087801,0.010223041665899046,转弱,131.07098608997845,0.11920843705035722,0.13025775499848558,0.10953017179047575,上涨,233.93648694509616,医疗独立行情
2025-06-13,3864.1822,2.2839603570582887,-0.011009676701407956,-0.03553537629955417,0.0035692979206576325,转弱,130.1275051352311,0.09507293269023953,0.08394494513737527,0.08174005921160932,上涨,228.39603570582887,医疗独立行情
2025-06-16,3873.7951,2.28327980015129,-0.003931592759572777,-0.030772838666733304,0.006601759485956427,转弱,130.4512224522133,0.0845000647565124,0.08137979422983,0.0799529068359841,上涨,228.327980015129,医疗独立行情
2025-06-17,3870.3786,2.2590289182970333,-0.0017452789298353366,-0.034269909229502904,0.006312553156283318,转弱,130.33617078066052,0.07269703003322303,0.06368039163100425,0.06734471809985454,上涨,225.90289182970332,医疗独立行情
2025-06-18,3874.9708,2.232544319654919,-0.005951432858054884,-0.03371360002872703,0.008097148476132299,转弱,130.4908145055558,0.04047874732874135,0.05117489961818156,0.05392925094483125,上涨,223.25443196549188,医疗独立行情
2025-06-19,3843.0912,2.1924551443651006,-0.018713579096128252,-0.03318260933267836,0.00037560440267880857,转弱,129.41725932673705,0.017140204574800366,0.039553729620601,0.034325264622724116,上涨,219.24551443651006,医疗独立行情
2025-06-20,3846.6443,2.1925912643461736,-0.017175042645184657,-0.01738354828916966,0.001596199940669063,转弱,129.5369110446338,0.026877015047448216,0.055038777319945,0.0334600295429357,上涨,219.25912643461737,医疗独立行情
2025-06-23,3857.9016,2.2225787597287554,-0.006277892640295546,-0.019555263193607897,0.004862946592742556,转弱,129.91600402931732,0.03490938035116842,0.0797212643065972,0.046245620586703895,上涨,222.25787597287555,医疗独立行情
2025-06-24,3904.0342,2.2505677305708365,0.011379866779330339,-0.007186871605846634,0.017003819727641867,上涨,131.46953329701114,0.05757246288520412,0.0894146455570124,0.05788790200375238,上涨,225.05677305708366,风险偏好
2025-06-25,3960.0662,2.2584264140172907,0.03142923306522438,0.010386806854982389,0.03141789643179904,上涨,133.35642785590056,0.04933585417029929,0.08959946498000204,0.06003962716447808,上涨,225.84264140172908,风险偏好
2025-06-26,3946.0195,2.236952550449498,0.028617343361981185,0.0034604209930511054,0.027698660819854837,上涨,132.88340098196508,0.04549510040530946,0.06216018611706531,0.04888625223634446,上涨,223.69525504494982,风险偏好
2025-06-27,3921.7578,2.2524564124817803,0.016341773983039598,0.0016836066882677247,0.02135073726401715,上涨,132.0663808913132,0.023850313479695684,0.07301189199003688,0.054892372658422284,上涨,225.24564124817803,风险偏好
2025-06-30,3936.0791,2.286047944550247,0.024958594301704107,0.01254686536607763,0.024863493701182016,上涨,132.5486550033603,0.031743334997835104,0.10319502192640195,0.06884024475858253,上涨,228.6047944550247,风险偏好
2025-07-01,3942.762,2.3337672665518907,0.023558930633847508,0.014167277634517639,0.026358248692120778,上涨,132.77370368353593,0.02921530050572918,0.08842283524576189,0.08954168505872517,上涨,233.37672665518906,风险偏好
2025-07-02,3943.6849,2.3064394181291177,0.019371150251416225,0.01526601708820996,0.026334444191301154,上涨,132.80478262036488,0.009137073114872551,0.07605053989400568,0.0754193841657278,上涨,230.64394181291178,风险偏好
2025-07-03,3968.0676,2.3448448298983053,0.023342514460849673,0.0275965573408532,0.032202880150661084,上涨,133.62587742263915,0.03650897982157297,0.09858886053072902,0.09154163394703785,上涨,234.48448298983052,风险偏好
2025-07-04,3982.2034,2.356620031179937,0.02793488491602214,0.10942172994867216,0.03411908434432931,上涨,134.101904766042,0.04372191868446551,0.2429784662337242,0.093116147971952,上涨,235.6620031179937,风险偏好
2025-07-07,3965.1746,2.3422885944754204,0.020572365831465156,0.08612335133598248,0.028297632255322558,上涨,133.52845477203118,0.010873241511160092,0.21473013319489342,0.0830018870852276,上涨,234.22885944754205,风险偏好
2025-07-08,3998.4527,2.354278116828547,0.034404009121592916,0.08453370994958953,0.03553280093610267,上涨,134.64910486162597,0.013561986750809218,0.2109314241970388,0.08511626773001635,上涨,235.42781168285472,风险偏好
2025-07-09,3991.4006,2.354815727218643,0.024848450115302567,0.06861515459055068,0.03256417273870382,上涨,134.41162325970666,0.016764758047710382,0.18068301951547694,0.08236777449455368,上涨,235.4815727218643,风险偏好
2025-07-10,4010.0243,2.375770152310814,0.03027211454131118,0.06919249286371665,0.036222644221743705,上涨,135.0387819939369,0.015562037087611946,0.18251482087660476,0.08894035862572403,上涨,237.5770152310814,风险偏好
2025-07-11,4014.807,2.4062226806840328,0.03897973547934663,0.06801147346860148,0.036317445992105624,上涨,135.19984086398972,0.053530843146164075,0.1796047108127401,0.09982022185378603,上涨,240.6222680684033,风险偏好
2025-07-14,4017.6678,2.425752407992013,0.0371399870891469,0.06817787605283243,0.03591307648865527,上涨,135.29617916985194,0.06239822549618457,0.1891348174997387,0.10549751830321896,上涨,242.5752407992013,风险偏好
2025-07-15,4019.0644,2.4192909818694206,0.03841634510897718,0.06526788288146457,0.0351777601354597,上涨,135.343210097553,0.07094290040926099,0.2050287194903484,0.09911638464018035,上涨,241.92909818694207,风险偏好
2025-07-16,4007.2019,2.4524839856910705,0.0341244119826658,0.06229214340269107,0.031082303344074136,上涨,134.943736819697,0.09851525190332944,0.21948659756901545,0.1104848722272207,上涨,245.24839856910705,风险偏好
2025-07-17,4034.491,2.4987254322500054,0.04980360601382561,0.06944106106178816,0.036939051282722346,上涨,135.86270552163498,0.13969284100158674,0.24433777557066838,0.12724906381794554,上涨,249.87254322500056,风险偏好
2025-07-18,4058.5486,2.515541626690318,0.055088093276521644,0.0723055834310864,0.041900884758235835,上涨,136.6728524830131,0.14729163962096137,0.22984934039499838,0.13083798655312506,上涨,251.55416266903183,风险偏好
2025-07-21,4085.6072,2.533775071718468,0.059023174670914225,0.07971955882529369,0.047495333875358314,上涨,137.58405902768692,0.1400158759852861,0.22766584700481585,0.13503876436199835,上涨,253.3775071718468,风险偏好
2025-07-22,4118.9582,2.5354992093644273,0.055051771831302165,0.08769107802238585,0.05454968380376135,上涨,138.70716404684597,0.12660426741359188,0.2363086465824744,0.13171619811896518,上涨,253.54992093644273,风险偏好
2025-07-23,4119.7685,2.530682623197406,0.040328189463095354,0.08863092582111842,0.05324970944152452,上涨,138.7344511445949,0.12055128628070966,0.230135924719989,0.12560192988100005,上涨,253.06826231974057,风险偏好
2025-07-24,4149.0368,2.577227576898847,0.051448630702407794,0.09560171700312048,0.059098550839550734,上涨,139.72007000556619,0.1521154422256179,0.25882604189743863,0.14181901888879134,上涨,257.7227576898847,风险偏好
2025-07-25,4127.1634,2.5772085462521477,0.052375901438890704,0.0913747837301846,0.05196858401898652,上涨,138.9834766402676,0.14417687817210734,0.2696355854741679,0.13721455232670543,上涨,257.72085462521477,风险偏好
2025-07-28,4135.8242,2.600917876856879,0.05074722710730084,0.09556031007264032,0.05256306380202158,上涨,139.27513170158306,0.13773548934406943,0.27288979881112074,0.14298936110905136,上涨,260.0917876856879,风险偏好
2025-07-29,4152.0247,2.649460451847623,0.05307515391494588,0.10116617631204616,0.0549791235496222,上涨,139.82068844239703,0.1352719227063992,0.28774373556231736,0.1592948886907979,上涨,264.9460451847623,风险偏好
2025-07-30,4151.2379,2.646546923189239,0.05262920473184862,0.08998074959070967,0.053250681187397175,上涨,139.79419271426073,0.14745997765508267,0.2698567186213088,0.15328982338990116,上涨,264.65469231892394,风险偏好
2025-07-31,4075.5912,2.6444890642990777,0.027097219815509277,0.06367117676120349,0.03299194816657103,上涨,137.2467671962007,0.1277885131587866,0.2707524110450521,0.1476964213063574,上涨,264.44890642990777,风险偏好
2025-08-01,4054.9286,2.655732001421835,0.01826255283695466,0.05243647486697234,0.0268784581028505,上涨,136.5509478873681,0.1269241397783316,0.2707252950663117,0.14787804212356126,上涨,265.5732001421835,风险偏好
2025-08-04,4070.7023,2.678043677164123,0.026613632600188675,0.058381840198602486,0.02989694754297112,上涨,137.0821320090049,0.14334488221503672,0.28835874134190753,0.15254514862589197,上涨,267.80436771641234,风险偏好
2025-08-05,4103.45,2.6787597145527036,0.02625948282444357,0.05470618280487449,0.03725127262625905,上涨,138.18492071806656,0.1378263661394714,0.28858394537014465,0.14791371170851497,上涨,267.87597145527036,风险偏好
2025-08-06,4113.4852,2.6579541366515804,0.0305869072625784,0.055752694835452754,0.038837221849959525,上涨,138.52285911536396,0.1287312658604438,0.26927629481551985,0.134429331409623,上涨,265.79541366515804,风险偏好
2025-08-07,4114.666,2.6387580889112106,0.026095028900448236,0.04348111442583802,0.038386056983830574,上涨,138.56262291275004,0.11069586691481881,0.26244535643447287,0.12185868619500195,上涨,263.87580889112104,风险偏好
2025-08-08,4104.9669,2.641763435736384,0.02245684537264192,0.050616231698655145,0.03507737491442109,上涨,138.23600278467813,0.09788817840641095,0.2666260270698102,0.11872821213167506,上涨,264.1763435736384,风险偏好
2025-08-11,4122.5106,2.6904649827441984,0.0260954377562026,0.0600205899309898,0.03848233227644493,上涨,138.82679219203084,0.10912596598071955,0.2779027116246895,0.1346665850773252,上涨,269.04649827441983,风险偏好
2025-08-12,4143.8252,2.68494670123111,0.03104224953449375,0.06878253956590186,0.04268416789357676,上涨,139.5445677982006,0.10980726227335147,0.27494355157670913,0.12774955932384202,上涨,268.494670123111,风险偏好
2025-08-13,4176.5776,2.723685416885698,0.04226782284166908,0.07141993917403044,0.049699853372736635,上涨,140.64751478118478,0.11058234540039513,0.26937537845467263,0.13941054130112396,上涨,272.3685416885698,风险偏好
2025-08-14,4173.3131,2.688809726152612,0.03440882629308151,0.0656045516719046,0.047751745789871514,上涨,140.537581755637,0.07607250138381261,0.24741273815823583,0.12065392662492913,上涨,268.88097261526116,风险偏好
2025-08-15,4202.3533,2.7299695228808813,0.03543254354524672,0.07370928548354927,0.0537705381530833,上涨,141.51551928007052,0.08524124344254425,0.27855246001008616,0.1331271866888306,上涨,272.99695228808815,风险偏好
2025-08-18,4239.4125,2.7686157233500555,0.03764564053049457,0.09199206207516375,0.06147905438721657,上涨,142.76349905656957,0.09268409585871917,0.2891630364686768,0.14425230593123328,上涨,276.8615723350055,风险偏好
2025-08-19,4223.3741,2.768772116652238,0.025350075171920894,0.09410812400600221,0.05586268274849293,上涨,142.2234010823175,0.092002752919921,0.30108376957536875,0.13928876049717354,上涨,276.8772116652238,风险偏好
2025-08-20,4271.3958,2.7608019265695765,0.03680481075574993,0.11251738521745436,0.06594958639704163,上涨,143.84054636427456,0.09093171196687844,0.28275529803899757,0.13128780448078925,上涨,276.08019265695765,风险偏好
2025-08-21,4288.0707,2.7614153932184125,0.03350992211011494,0.11778056129280445,0.06810361641832596,上涨,144.40207866867252,0.07146742413069962,0.29061578137342337,0.12675431714607366,上涨,276.14153932184126,风险偏好
2025-08-22,4377.9977,2.7633953243126568,0.06077644030279972,0.13457846604185164,0.08815738847637222,上涨,147.43039761137038,0.07224358243389628,0.25609674548529116,0.12325841998909914,上涨,276.3395324312657,风险偏好
2025-08-25,4469.2217,2.8049673613900716,0.08061210628827009,0.1637894145101586,0.10794437664802192,上涨,150.50239342162394,0.0784528747904103,0.26594299428397683,0.13562314635579753,上涨,280.49673613900717,风险偏好
2025-08-26,4452.5905,2.778174184328807,0.07239017629158129,0.15591272583291338,0.1010891231675084,上涨,149.94233272795242,0.04858111106788732,0.22520330924251364,0.12091325740168846,上涨,277.8174184328807,风险偏好
2025-08-27,4386.1266,2.7026088153056875,0.056582808708698584,0.133734319745052,0.08234513939671628,上涨,147.70414077919867,0.021183033493655357,0.18247317844762767,0.0873752863904218,上涨,270.2608815305688,风险偏好
2025-08-28,4463.782,2.6969635055262446,0.09524772749533872,0.1511844949126071,0.09885846379186414,上涨,150.3192098777206,0.01984294128328168,0.19215858383697682,0.08194999928230273,上涨,269.69635055262444,风险偏好
2025-08-29,4496.7591,2.7151331198960316,0.10896135137866536,0.1607582746661247,0.10415520770247744,上涨,151.42972370121345,0.022367135856477205,0.2025035482545512,0.08591933519952422,上涨,271.51331198960315,风险偏好
2025-09-01,4523.7111,2.7751758429379882,0.11128517062031307,0.16433070555456997,0.10787839409270905,上涨,152.3373404586233,0.03626982136330281,0.19769656340852282,0.10655459791591904,上涨,277.51758429379885,风险偏好
2025-09-02,4490.4528,2.7280481760771824,0.09431156709598021,0.16168496355884932,0.09693495234751981,上涨,151.2173571400212,0.018399732255458767,0.17447718242461074,0.08484148221604504,上涨,272.80481760771823,风险偏好
2025-09-03,4459.8296,2.7155141352997796,0.08419731277992692,0.14512420861447728,0.08695302584751152,上涨,150.18611161146998,0.021655753142795664,0.1725074878849988,0.07700532813652727,上涨,271.55141352997794,风险偏好
2025-09-04,4365.2085,2.671706431476673,0.06089011842030434,0.1215275158578728,0.06185169048627337,上涨,146.99971743053533,0.012486306609128084,0.14206486827499898,0.05730792932387385,上涨,267.1706431476673,风险偏好
2025-09-05,4460.3249,2.7176477612231986,0.0865678113019619,0.15427396254762504,0.08237309307098761,上涨,150.20279098887963,0.028724875384484205,0.1898839455880459,0.07242123331201467,上涨,271.76477612231986,风险偏好
2025-09-08,4467.5733,2.757424078045343,0.08370207707895294,0.1532807452825784,0.08153472859428534,上涨,150.446883052712,0.02488755502509754,0.20765929688627582,0.0847348809638957,上涨,275.7424078045343,风险偏好
2025-09-09,4436.2584,2.7104072567792774,0.07057083392417218,0.14620786710633427,0.07150739217913515,上涨,149.39234431730782,0.00948270426988107,0.199810783662971,0.06309291362908231,上涨,271.04072567792775,风险偏好
2025-09-10,4445.3649,2.7036214549511985,0.06435587357457462,0.14719958663946575,0.0712471671784336,上涨,149.6990084610208,-0.007366475515164672,0.21100460633591966,0.05717579177729548,转弱,270.3621454951199,大盘独涨
2025-09-11,4548.0345,2.722223369265718,0.08978990816672705,0.18343132216066071,0.09289425311719723,上涨,153.15643831544955,0.012426927345624117,0.241632412075655,0.060787164709385166,上涨,272.2223369265718,风险偏好
2025-09-12,4521.998,2.732248597417047,0.0760632619822803,0.17556957371909832,0.08370646890943245,上涨,152.27965129762896,0.0008348351573392865,0.24612764898148876,0.06097518795593637,上涨,273.22485974170473,风险偏好
2025-09-15,4533.0557,2.7297837331716526,0.0692650691575778,0.17500552632031874,0.08343476958674745,上涨,152.65202269190064,-0.014025778243943465,0.22820562431038294,0.05654981745499765,转弱,272.9783733171653,大盘独涨
2025-09-16,4523.3367,2.734941630597145,0.07102439729409715,0.1586314228497281,0.07845135108423773,上涨,152.32473242530574,-0.01221858810684573,0.21522298282640495,0.05524895061419843,转弱,273.4941630597145,大盘独涨
2025-09-17,4551.023,2.7220999337471845,0.06546506413664588,0.14922902046435493,0.0825102876154089,上涨,153.257076957462,-0.014018388081350364,0.2053082256087817,0.0471717341905189,转弱,272.20999337471847,大盘独涨
2025-09-18,4498.109,2.7041362389138004,0.04898200489091753,0.13991048447682553,0.06758751566908683,上涨,151.47518199228008,-0.020742679440869494,0.20884827814985418,0.03715457330135541,转弱,270.41362389138004,大盘独涨
2025-09-19,4501.9195,2.669667663377301,0.028305588191606335,0.14793409730707996,0.06604539499001194,上涨,151.60350173308262,-0.03391757238304971,0.1852250052802722,0.021210818001995202,转弱,266.9667663377301,大盘独涨
2025-09-22,4522.608,2.663792950190585,0.011945323723815404,0.1490134941647896,0.0684710777454256,上涨,152.30019323225423,-0.05033014399480362,0.16523931903565336,0.01651555491922041,转弱,266.3792950190585,大盘独涨
2025-09-23,4519.7781,2.6090223654994156,0.015089552924303362,0.14634819448904102,0.06538195085006904,上涨,152.20489549324435,-0.06088596596410223,0.11794453666933569,-0.0061250708929179165,下跌,260.90223654994156,大盘独涨
2025-09-24,4566.0708,2.6547180824414958,0.04102576519337142,0.15781836424101736,0.07366863206547425,上涨,153.76381617689475,-0.017720186729567433,0.15100273676162135,0.009050928281479464,转弱,265.4718082441496,大盘独涨
2025-09-25,4593.4875,2.644236448322619,0.02905731059446892,0.15761321707321718,0.07747449246655624,上涨,154.6870818474527,-0.0195505267667081,0.12768078066696553,0.003164255036133712,转弱,264.42364483226186,大盘独涨
2025-09-26,4550.0487,2.6028661515533766,0.01185066818455982,0.14259575490292642,0.06492116903025114,上涨,153.22426711007614,-0.041348605532444016,0.1044912277394785,-0.014065815743817489,下跌,260.28661515533764,大盘独涨
2025-09-29,4620.0528,2.6095894884709665,0.021297049672336588,0.16515746872785897,0.07855016906144896,上涨,155.58167636532224,-0.05966697745960514,0.11411953873916669,-0.01318435415415986,下跌,260.9589488470966,大盘独涨
2025-09-30,4640.6935,2.631007108181042,0.03345780630407691,0.16062233273385984,0.08066830813530834,上涨,156.27675818502647,-0.035571610775467,0.11754303341411387,-0.0068174794639163094,下跌,263.10071081810423,大盘独涨
2025-10-09,4709.482,2.6360778089280905,0.05597801315099571,0.17990712332908898,0.09363900136852243,上涨,158.59323174235377,-0.029252775869980763,0.11944122780327104,-0.00666111320969387,下跌,263.60778089280905,大盘独涨
2025-10-10,4616.8341,2.623132044460291,0.057643432152209906,0.15132322265478537,0.06961219377035688,上涨,155.47328566863644,-0.018181034579287436,0.10411861261447308,-0.013072620555486636,下跌,262.3132044460291,大盘独涨
2025-10-13,4593.9785,2.598300118676452,0.02996499201212921,0.14425886474742144,0.06194222238899272,上涨,154.7036164210609,-0.04391578785509309,0.0798252961100907,-0.02359142503191214,下跌,259.83001186764517,大盘独涨
2025-10-14,4539.0644,2.5699974075334375,0.01600222205643509,0.12977593617869543,0.04714483447609963,上涨,152.85436748301998,-0.06797165224029189,0.05946402405545892,-0.0350989437714182,下跌,256.99974075334376,大盘独涨
2025-10-15,4606.2879,2.623217393088857,0.03832723089349366,0.14610950250013421,0.060259147039542604,上涨,155.11813919167759,-0.03216854717029738,0.0842918081155577,-0.016372763687403147,下跌,262.3217393088857,大盘独涨
2025-10-16,4618.4218,2.6275258925882423,0.038929740053510686,0.1525303479218254,0.060565264135022945,上涨,155.52675194667665,-0.028145790241307922,0.07137331290171423,-0.015833809359956152,下跌,262.75258925882423,大盘独涨
2025-10-17,4514.2345,2.588886300853433,-0.00743178179497106,0.11891053914855676,0.03473998887839125,转弱,152.0182130853942,-0.04898094326780067,0.0360827434017994,-0.030852135550827997,下跌,258.88863008534327,防御状态
2025-10-20,4538.2201,2.6028531781009705,0.0035873744305061628,0.11818794038834457,0.03833516907665424,上涨,152.82593542498043,-0.04735858202595533,0.034708847782227936,-0.026154147216945756,下跌,260.28531781009707,大盘独涨
2025-10-21,4607.8715,2.6270995010228573,0.016504496073145525,0.12783027697816873,0.052175802053389786,上涨,155.17146740097684,-0.03761625175687078,0.03683216807445122,-0.017654168945230198,下跌,262.70995010228575,大盘独涨
2025-10-22,4592.57,2.627358591771667,0.015305802904302945,0.11498339555861481,0.0467950313720753,上涨,154.65618475725813,-0.03933650269603317,0.036229308243509895,-0.018119394479827355,下跌,262.7358591771667,大盘独涨
2025-10-23,4606.3447,2.6105853155321146,0.01215588231481135,0.11810765580638805,0.047997569218901415,上涨,155.12005194886888,-0.04096639393453905,0.03157357291755347,-0.024873102482989018,下跌,261.0585315532115,大盘独涨
2025-10-24,4660.6835,2.6112928945294906,0.036142854697384985,0.12331698287178372,0.058307069822346014,上涨,156.949927485287,-0.03433382647229455,0.01321781511884712,-0.02481561169490687,下跌,261.1292894529491,大盘独涨
2025-10-27,4716.0186,2.6295704014925536,0.04755729195068903,0.14267794679512802,0.0684909094786259,上涨,158.81335372574964,-0.015019570576070063,0.02031727518386206,-0.01830983792891039,下跌,262.95704014925536,大盘独涨
2025-10-28,4691.973,2.6232534124797513,0.03744852527568154,0.13447109284770864,0.06081519386943324,上涨,158.0036108680035,-0.015218727006516386,0.008587558962016795,-0.02080422489556244,下跌,262.32534124797513,大盘独涨
2025-10-29,4747.8378,2.6378291255598767,0.05045816297928418,0.14349941126313626,0.07104111504681332,上涨,159.88487491628743,0.011041208554357196,-0.004390073563708019,-0.015292215945579835,修复,263.78291255598765,大盘独涨
2025-10-30,4709.911,2.6070878136829356,0.0315019644461052,0.1345798803773688,0.06025835448589345,上涨,158.60767844719678,-0.017941742693354246,-0.014909658000226589,-0.026529029582285424,下跌,260.70878136829356,大盘独涨
2025-10-31,4640.6676,2.6793907606592167,0.010271084878319403,0.1386489400605242,0.04246070774356436,上涨,156.27588599468746,0.013294693202984265,0.01319789778347591,0.0002512016808484674,上涨,267.93907606592165,风险偏好
2025-11-03,4653.4028,2.6922923103384067,0.022714943688404876,0.14759179730069705,0.04298453129101887,上涨,156.7047477091786,0.03435680268524788,0.013766565638775985,0.004838942262562984,上涨,269.2292310338407,风险偏好
2025-11-04,4618.699,2.650102179918265,-0.00029302695415101,0.13461969449350297,0.0330914227202026,转弱,155.5360867405752,0.015524545767171993,-0.01043354799778562,-0.010735653588295868,修复,265.0102179918265,医疗修复
2025-11-05,4627.257,2.6470931049208377,-0.002895364669095457,0.12765039174353277,0.032988507184115834,转弱,155.82427998077677,0.006114007328135607,-0.011821369964552186,-0.011664202622144737,修复,264.7093104920838,医疗修复
2025-11-06,4693.4032,2.6416629933957836,-0.0034141334439754534,0.14097972201285658,0.045499126489015884,转弱,158.05177328587405,0.0021187479553057553,-0.006129204048765158,-0.013591625927919848,修复,264.16629933957836,医疗修复
2025-11-07,4678.7944,2.638781508165432,0.0134205168862358,0.1371018692647228,0.04006655079382426,上涨,157.55981752431094,0.0059659458387506525,8.87510466385244e-06,-0.014667728571062244,修复,263.8781508165432,大盘独涨
2025-11-10,4695.0507,2.6758672440155062,0.02200101720110359,0.14374873522122655,0.04140350909984347,上涨,158.1072533470136,0.02985302767047804,0.012909486071986498,-0.0010317794123667623,修复,267.5867244015506,大盘独涨
2025-11-11,4652.1655,2.6839205475777153,0.024917271497624016,0.1284787236205045,0.02987466398951688,上涨,156.663081257192,0.044328114771763794,-0.0024324550620272722,0.002015522482357479,上涨,268.3920547577715,风险偏好
2025-11-12,4645.9079,2.701698280180508,0.008601286081141302,0.12116406358067411,0.02658765396595064,上涨,156.4523546832395,0.029917797624557263,0.006239073178516685,0.008547540396588449,上涨,270.1698280180508,风险偏好
2025-11-13,4702.0738,2.7315250775302267,0.018112680829628802,0.12581980998030562,0.03699153904013919,上涨,158.34375836515565,0.03958065084547657,0.0028783282371473984,0.019632189780298237,上涨,273.1525077530227,风险偏好
2025-11-14,4628.1398,2.7464784386659082,0.025232472969669795,0.10898456192994477,0.018982674553387424,上涨,155.8540085379689,0.06087256043671152,0.02144767327802466,0.024846333378504504,上涨,274.64784386659085,风险偏好
2025-11-17,4598.0525,2.6992847376844993,0.013184111541879595,0.09416133574490271,0.010890481542801478,上涨,154.8408096041155,0.037048405340283086,-0.011239973537873427,0.007428290842755869,上涨,269.9284737684499,风险偏好
2025-11-18,4568.1928,2.6745718598186374,-0.008611069123780957,0.07755326946835184,0.0031172988215710795,转弱,153.83527516914853,0.018070255343315633,-0.03396782830432821,-0.0012107841872335268,修复,267.45718598186374,医疗修复
2025-11-19,4588.2922,2.6328423729482946,-0.0009314610338002627,0.08640439879574013,0.006187086336625791,转弱,154.51212854752055,0.0020871841376362,-0.049093871932045396,-0.015961678223300968,修复,263.28423729482944,医疗修复
2025-11-20,4564.9483,2.619776824493166,-0.008986822023979157,0.0687251928280681,-5.003682599036274e-06,下跌,153.72601564965402,0.0035208613587018878,-0.05108120967288676,-0.01998406859675561,修复,261.9776824493166,医疗修复
2025-11-21,4453.6076,2.5372535096217415,-0.04443037163969621,0.038604051001304596,-0.024984508224302426,下跌,149.97658387829233,-0.0283535351636951,-0.08117644456794737,-0.04952632826699066,下跌,253.72535096217413,防御状态
2025-11-24,4448.0478,2.5663676792203214,-0.05682140439395211,0.016000488077003938,-0.026450536314731043,下跌,149.78935593053905,-0.024035379405076274,-0.07129911647416654,-0.037435865858655326,下跌,256.63676792203216,防御状态
2025-11-25,4490.4047,2.6005924069711206,-0.04296024295109968,0.004739751442628171,-0.01725577077074214,下跌,151.21573735796306,-0.008638511781143277,-0.07286179412714022,-0.02335149839235362,下跌,260.05924069711205,防御状态
2025-11-26,4517.6255,2.6195616076749686,-0.04848781902364063,0.014606104019671218,-0.01153286650256835,下跌,152.13240603672904,-0.006925208956069406,-0.057092380149719846,-0.015250005443246728,下跌,261.95616076749684,防御状态
2025-11-27,4515.4027,2.613026516042067,-0.0412976593400598,0.029473864251889248,-0.012484766612328113,下跌,152.0575525739667,0.002277906531557017,-0.03314660218537324,-0.017155051121438225,修复,261.3026516042067,医疗修复
2025-11-28,4526.6616,2.616380515240307,-0.02456672397738624,0.014086619821487734,-0.01024929977865574,下跌,152.43669943913446,-0.023516631595537518,-0.029879154879485115,-0.015396114550962459,下跌,261.6380515240307,防御状态
2025-12-01,4576.4856,2.6234781040149366,-0.01652923748616819,0.017729768979618976,0.00035403696896008086,转弱,154.11453771908353,-0.025559708379072843,-0.033757098393983886,-0.01215725350417951,下跌,262.3478104014937,防御状态
2025-12-02,4554.3347,2.5972451421596614,-0.013935590953209842,0.006769574652987886,-0.004598883280272248,下跌,153.36859945729557,-0.019945282924990426,-0.06411510868080972,-0.020941748350011835,下跌,259.72451421596617,防御状态
2025-12-03,4531.0486,2.5916557632491317,-0.02079166988131409,0.009040469148233754,-0.00983474604347978,下跌,152.58443299192302,-0.020942724518699496,-0.04999633585070229,-0.02221084614867841,下跌,259.16557632491316,防御状态
2025-12-04,4546.5664,2.582164622014787,-0.031285784268438754,0.01944845605760359,-0.006757431259165281,下跌,153.10699960360802,-0.02252307411268728,-0.04910654360128075,-0.024974129215243113,下跌,258.2164622014787,防御状态
2025-12-05,4584.5368,2.5937086995555143,-0.02014570249122294,0.050244633217405354,0.000738415836753159,转弱,154.3856643158948,-0.017080917260654194,-0.029193975431667685,-0.020134100420247658,下跌,259.3708699555514,防御状态
2025-12-08,4621.7545,2.594448580433741,-0.015611375613047151,0.036192341055693245,0.008270351090858608,转弱,155.63898162786614,-0.030427019039848013,-0.04533302017550889,-0.01909368060984462,下跌,259.4448580433741,防御状态
2025-12-09,4598.2232,2.5682399990060554,-0.011595094800475159,0.02924404172618722,0.0026605203841811864,转弱,154.84655797828032,-0.043101331250682384,-0.06860898929024895,-0.027843676936460837,下跌,256.82399990060554,防御状态
2025-12-10,4591.8273,2.574470681901297,-0.011640480432253075,0.0350675920951764,0.0007001001681377073,转弱,154.63117410996932,-0.04709171235461218,-0.05015356070124721,-0.024648712677068474,下跌,257.4470681901297,防御状态
2025-12-11,4552.1848,2.5520071531198316,-0.03187721128494414,0.024029500930283776,-0.00832397658315609,下跌,153.29620092409746,-0.0657207674522653,-0.05607822853813815,-0.032232661114022676,下跌,255.20071531198317,防御状态
2025-12-12,4580.95,2.5547306208675957,-0.010196277994886871,0.007237302179655902,-0.0021768363791463408,下跌,154.2648777402983,-0.06981588316835774,-0.06152792246556216,-0.030173209579148375,下跌,255.47306208675957,防御状态
2025-12-15,4552.0596,2.530290451548955,-0.010002691356829962,0.006647857871675322,-0.008577944864570197,下跌,153.29198477620386,-0.06260706170646935,-0.07391646062478163,-0.03822223703091854,下跌,253.0290451548955,防御状态
2025-12-16,4497.5545,2.4909759863513132,-0.015463073274840644,-0.007831626688372673,-0.02032270949276782,下跌,151.4565090369527,-0.06864495818025018,-0.08748229536223218,-0.051731281426361186,下跌,249.09759863513133,防御状态
2025-12-17,4579.875,2.5177243685530026,-0.0018344951962736555,0.012499246408077536,-0.0025960168847201093,下跌,154.2286767899341,-0.04372384977471366,-0.0794229974102647,-0.040225926087120834,下跌,251.77243685530027,防御状态
2025-12-18,4552.7926,2.5327604217401007,-0.002662834100443212,0.0003888356529948567,-0.008500383345957152,下跌,153.31666877305682,-0.03321519678299312,-0.0695564147589699,-0.03333121489703572,下跌,253.2760421740101,防御状态
2025-12-19,4568.1781,2.5625434916830967,0.025725324341551836,0.015577457104752224,-0.005402706181968697,修复,153.83478014219935,0.009967463623737682,-0.05236154347296451,-0.021082329534044764,修复,256.25434916830966,医疗修复
2025-12-22,4611.6235,2.5581778560508086,0.036774717214144825,0.024368272244761346,0.0036568148510871534,上涨,155.2978171365735,-0.0031912119357740965,-0.04176168024803906,-0.022055865479020165,下跌,255.81778560508087,大盘独涨
2025-12-23,4620.7341,2.549219976717531,0.0290239763912592,0.021696795300410576,0.005281802377103961,上涨,155.60461934902742,-0.0197541260659998,-0.043011215817226445,-0.024768392308829323,下跌,254.92199767175313,大盘独涨
2025-12-24,4634.0586,2.5580873263433164,0.025773074815519825,0.025284537751975034,0.007763070025904151,上涨,156.0533259193787,-0.023467392846016955,-0.019522653323958528,-0.021058168455344584,下跌,255.80873263433165,大盘独涨
2025-12-25,4642.5357,2.572530760566902,0.028155406825619567,0.016746323775794325,0.009326844252639743,上涨,156.33879482759477,-0.015497644293523516,-0.030958964124359167,-0.015014554704830263,下跌,257.2530760566902,大盘独涨
2025-12-26,4657.24,2.563130401255832,0.02884651240552194,0.013878888317427673,0.012289839804291658,上涨,156.83396658056228,-0.020352587734962624,-0.030672766468458956,-0.01810561704231206,下跌,256.3130401255832,大盘独涨
2025-12-29,4639.3721,2.5363266385852463,0.013741220992807168,0.0196313063638196,0.008079902222484225,上涨,156.23225964008577,-0.03321981810952224,-0.025563939555024673,-0.027960752746646778,下跌,253.63266385852464,大盘独涨
2025-12-30,4651.2818,2.522918585775723,0.021286775431766047,0.006759446558705751,0.010553448836140511,上涨,156.63332239222748,-0.028617459005865986,-0.033212466205183366,-0.032563768650655134,下跌,252.29185857757227,大盘独涨
2025-12-31,4629.9395,2.5165018506342713,0.021825168681704366,-0.002317326063442815,0.0059557202532511955,上涨,155.91461398017395,-0.028998416255961668,-0.04352145503169491,-0.034317636699298104,下跌,251.65018506342713,大盘独涨
2026-01-05,4717.7457,2.616391911158698,0.03765023645096233,0.0017546940406609757,0.0250028668621054,上涨,158.87151434098124,0.013255269959203675,-0.007467874317942602,0.004140598621750868,上涨,261.6391911158698,风险偏好
2026-01-06,4790.6938,2.6383892402805897,0.04496790166456943,0.037657775054122045,0.04019709622851986,上涨,161.3280636872712,0.01722650686745686,0.005816404039789003,0.012484105555279346,上涨,263.83892402805895,风险偏好
2026-01-07,4776.6658,2.6554667673183205,0.03351785561089393,0.03976668589110721,0.036465995897890346,上涨,160.85566654149557,0.023518749743106637,0.02200155718385166,0.01866516732648771,上涨,265.54667673183206,风险偏好
2026-01-08,4737.6536,2.6863905680348372,0.030322668982227574,0.043751130739629884,0.02726316213078661,上涨,159.54191889889302,0.04600448909545363,0.04528921319539703,0.029761556498553166,上涨,268.6390568034837,风险偏好
2026-01-09,4758.9221,2.7442908239318293,0.03638960899073873,0.03313605300267919,0.031305939314697495,上涨,160.25814207360995,0.06596312912956415,0.046154554770013734,0.05114312312143743,上涨,274.4290823931829,风险偏好
2026-01-12,4789.9155,2.775495459972751,0.05222342906641231,0.037132533022427694,0.03737995856497078,上涨,161.30185419920753,0.08757354248780391,0.056315170024357375,0.0620921417693896,上涨,277.54954599727506,风险偏好
2026-01-13,4761.0324,2.8068771591705732,0.03931114725111606,0.054671041125577524,0.030206826497579664,上涨,160.32920706482255,0.0986978964605465,0.08420256163636042,0.07260965095529581,上涨,280.68771591705735,风险偏好
2026-01-14,4741.9306,2.8153711887008623,0.04171100923195303,0.04488775235912423,0.025320260147723372,上涨,159.68594816838848,0.11266719873103526,0.08164809770597348,0.07440131064251787,上涨,281.53711887008626,风险偏好
2026-01-15,4751.4293,2.7799315834906637,0.05644729819282901,0.031154905252891663,0.0268428775962406,上涨,160.00581976580645,0.11600095654177767,0.05817521658707703,0.05984661953216053,上涨,277.9931583490664,风险偏好
2026-01-16,4731.8728,2.742748203762615,0.03318819836785947,0.030332210505229273,0.022103633477153384,上涨,159.3472487092509,0.08937588165734711,0.04391848617555438,0.04490435947124882,上涨,274.2748203762615,风险偏好
2026-01-19,4734.4556,2.736658361393715,0.03990144422568265,0.027811835271468244,0.02219008660235633,上涨,159.4342252809724,0.08050423478803781,0.048293018853476255,0.041750391476254256,上涨,273.66583613937155,风险偏好
2026-01-20,4718.8782,2.7197241896279283,0.03298910346774786,0.012486301633655161,0.01861355035731105,上涨,158.90965162124863,0.06133776790714851,0.041523988107804666,0.03459241208147179,上涨,271.9724189627928,风险偏好
2026-01-21,4723.0692,2.730611911873169,0.024166261621314078,0.0014950322715010511,0.019492356453478132,上涨,159.05078481471494,0.06740503026969202,0.03842510180494263,0.03806914258858063,上涨,273.0611911873169,风险偏好
2026-01-22,4723.7091,2.7234368664817894,0.022285419972553733,0.006763913603083482,0.019514080694823077,上涨,159.07233364088987,0.06834125393469814,0.03819053604407019,0.034684699345121306,上涨,272.34368664817896,风险偏好
2026-01-23,4702.4966,2.7706787529977164,0.014768479621729558,-0.009549862887059835,0.015101367252155162,上涨,158.35799628312216,0.08310561741388667,0.050363242315645707,0.051748045727223246,上涨,277.06787529977163,风险偏好
2026-01-26,4706.964,2.786252882512388,0.013877825430615331,-0.0006257018444721929,0.016076492633782635,上涨,158.5084373302449,0.0830785486500416,0.06872229922180972,0.05646245921518367,上涨,278.62528825123877,风险偏好
2026-01-27,4705.6918,2.7565576610608167,0.01040354372976271,0.014011820195870106,0.015564283358058928,上涨,158.4655956101953,0.07546524348125772,0.028800166640350122,0.04469348247044369,上涨,275.65576610608167,风险偏好
2026-01-28,4717.9914,2.7102665220374953,0.01694610785800088,0.013879864429531041,0.017982236965131015,上涨,158.87978836284586,0.06857944903708146,0.006676173916950967,0.027033242218993614,上涨,271.0266522037495,风险偏好
2026-01-29,4753.8697,2.6965741896010473,0.022055834157371557,0.029265968620167948,0.02522520597892086,上涨,160.08800097442858,0.06883123569836891,0.017535931268965355,0.021544818702900592,上涨,269.65741896010474,风险偏好
2026-01-30,4706.3401,2.668383916676279,0.016501425126613345,0.017090708382957898,0.014686488523029562,上涨,158.48742730891263,0.060354442419236154,0.008043091388006962,0.010729611493491387,上涨,266.8383916676279,风险偏好
2026-02-02,4605.9799,2.601811576383533,-0.023690509643196744,-0.018626846293538057,-0.006639105969568404,下跌,155.10776719845697,-0.005572687605775339,-0.015085730886899684,-0.01423863879235887,下跌,260.1811576383533,防御状态
2026-02-03,4660.1074,2.647091603542028,-0.027258348258450638,-0.003993977593886089,0.005101957532940515,转弱,156.93052714342207,0.003298362170591984,0.0031492169210982635,0.002864206412485748,上涨,264.7091603542028,医疗独立行情
2026-02-04,4698.6832,2.665564912497936,-0.016325739179826937,0.0007736870658288098,0.013408835956109533,转弱,158.22957888394188,0.0038027759578453946,-0.003850090672700923,0.00992861147748525,上涨,266.5564912497936,医疗独立行情
2026-02-05,4670.4188,2.665555952082874,-0.014191582094562394,0.003923613637563106,0.007246699340429874,转弱,157.27776665931538,-0.0077556168488203125,-0.006842451245963832,0.010042347358188763,转弱,266.5555952082874,防御状态
2026-02-06,4643.5959,2.672597856126564,-0.024233680984187433,-0.0004976422369457056,0.0014702563682298386,转弱,156.3744973834795,-0.0261244060505762,-0.010771159854311985,0.012896842622686089,转弱,267.2597856126564,防御状态
2026-02-09,4719.0559,2.6934895595713995,-0.014793496879015877,0.0036116191966191202,0.01768236524812905,转弱,158.9156357225321,-0.029546400483809965,-0.013924645346188091,0.021059972727938137,转弱,269.34895595713994,防御状态
2026-02-10,4724.2956,2.701906298078894,-0.007716141566270318,0.020776338692275464,0.01846034041882305,转弱,159.09208420590252,-0.03739773960136461,-0.016228833243149277,0.024539147856368126,转弱,270.1906298078894,防御状态
2026-02-11,4713.8185,2.690945986059836,-0.005928408146673281,0.025177180991300174,0.015779185354934944,转弱,158.73926469235778,-0.0441949548750058,-0.003089244905602806,0.02043687046759235,转弱,269.0945986059836,防御状态
2026-02-12,4719.578,2.6728340025126847,-0.006703519717740414,0.03313896909079683,0.016467645546653698,转弱,158.93321759805315,-0.038525257820734016,-0.000649770279894657,0.013579736095223671,转弱,267.28340025126846,防御状态
2026-02-13,4660.4056,2.6467678817319475,-0.015103364570577593,0.015716828147954498,0.0034637829025552236,转弱,156.94056911867656,-0.034994215618844526,0.005289154005850616,0.0036067322288917403,转弱,264.6767881731948,防御状态
2026-02-24,4707.544,2.65444886322694,-0.005684201579586157,0.031237089804500018,0.013095052065263957,转弱,158.52796900579023,-0.030040102676502034,0.01323472992417285,0.006298725095952307,转弱,265.444886322694,防御状态
2026-02-25,4735.8858,2.6810233303794924,0.003604161684020557,0.06338191986200115,0.01816353817196603,上涨,159.48238769884298,-0.014229699980618404,0.056663561686898456,0.015450658966477793,转弱,268.1023330379492,大盘独涨
2026-02-26,4726.8739,2.6637728923541473,0.0008055566918223622,0.0626850502820584,0.015211804778547888,上涨,159.17890923876203,-0.024477670821105857,0.03795450430681013,0.008296991487915628,转弱,266.3772892354147,大盘独涨
2026-02-27,4710.6469,2.6790779743078224,-0.0027652422542278066,0.04904729411137487,0.010929669564909261,转弱,158.63246010242747,-0.016287835682885166,0.030179880217412913,0.01358843344788152,转弱,267.90779743078224,防御状态
2026-03-02,4728.6688,2.6221293961207204,0.005565596793839278,0.04671553673495077,0.014031822345730749,上涨,159.2393530395143,-0.05361478905350325,0.000980235944147534,-0.007973257870095285,下跌,262.21293961207203,大盘独涨
2026-03-03,4655.8962,2.542567852538697,-0.010849413762246685,0.031114279131737366,-0.0020748714141715086,下跌,156.78871370884193,-0.08745976774152597,-0.02696438902200393,-0.03764612099900011,下跌,254.2567852538697,防御状态
2026-03-04,4602.6247,2.51646969465905,-0.021902645642878582,0.016781263260324142,-0.01376048586601275,下跌,154.9947798229575,-0.08709702314348566,-0.038186655189977325,-0.04692349987142286,下跌,251.64696946590502,防御状态
2026-03-05,4647.6921,2.539645043432833,-0.014900260309927638,0.015559209888041714,-0.004356741605980541,下跌,156.51243815825325,-0.0629537638521227,-0.03195493053813048,-0.03763691228162114,下跌,253.9645043432833,防御状态
2026-03-06,4660.439,2.6048848322280596,-0.01965360977394892,0.0232974313460097,-0.0020041345529435706,下跌,156.9416938737856,-0.034002163829415344,0.0029414589883669517,-0.012962827518282594,下跌,260.48848322280594,防御状态
2026-03-09,4615.4551,2.5901526572762896,-0.019311184076985843,0.01862846935696072,-0.011934732509564228,下跌,155.4268474262623,-0.02931784250050251,-0.0005799790211944433,-0.018535793908134313,下跌,259.01526572762896,防御状态
2026-03-10,4674.7562,2.6378059935185,0.01493195834397798,0.028194859311853504,0.0003027865818079345,上涨,157.42382991709175,0.013834367354533361,0.0215483439860229,-0.000830029635597862,修复,263.78059935185,大盘独涨
2026-03-11,4704.4959,2.6325457505903302,0.009525209655039335,0.026166024013592803,0.0062359964388134514,上涨,158.425323315739,-0.005495031955915053,0.014973559305820006,-0.0030669796404024785,下跌,263.254575059033,大盘独涨
2026-03-12,4687.5601,2.617104093572051,-0.002367280262691618,0.014238229226584798,0.002378487310770172,转弱,157.85500512487593,-0.018180318437817422,0.008732303777060135,-0.009056361768033372,下跌,261.7104093572051,防御状态
2026-03-13,4669.14,2.613342658234379,-0.0002738084216344916,0.015422652819462979,-0.0018127170334857334,下跌,157.2347026822682,-0.019588144007142594,0.017561699547463894,-0.010762162038180922,下跌,261.3342658234379,防御状态
2026-03-16,4671.5591,2.6247309152916887,0.006021884893127716,0.017363849899145967,-0.001579193278770652,修复,157.3161666069435,-0.017910266868300773,0.01952255030275718,-0.006766265729258758,下跌,262.47309152916887,防御状态
2026-03-17,4637.4392,2.60674205060043,-0.017295133121860373,0.01872823792215117,-0.009172304635632345,下跌,156.16716864756583,-0.032206365405319404,0.021447783723366642,-0.013913899748714709,下跌,260.674205060043,防御状态
2026-03-18,4658.3324,2.624490774635478,-0.013962547136127545,0.016892216679946337,-0.004982481269496297,下跌,156.87075348119285,-0.02865218660560498,0.0273062659515122,-0.007636319242931067,下跌,262.44907746354784,防御状态
2026-03-19,4583.2511,2.56777542734576,-0.027698860276440418,0.006852173025151176,-0.021128505515221607,下跌,154.34236797925928,-0.04577221518088748,0.014814495218862245,-0.0293106410483307,下跌,256.777542734576,防御状态
2026-03-20,4567.0179,2.5201701492531043,-0.032324945153994866,0.015444704449940394,-0.024836644630494287,下跌,153.79571005604816,-0.057116847928477266,0.011719969627067117,-0.04748194139307038,下跌,252.01701492531043,防御状态
2026-03-23,4417.9971,2.3857028028076845,-0.052014464148785744,-0.035345484319986964,-0.05611226009653758,下跌,148.77738951276314,-0.09863542652385204,-0.052436862189642386,-0.09755441617490335,下跌,238.57028028076846,防御状态
2026-03-24,4474.7224,2.466512530784924,-0.04945712668856628,-0.017147761134561734,-0.043727288276160015,下跌,150.68763115898975,-0.07080050968228002,-0.026156398523340063,-0.06659647677947933,下跌,246.65125307849237,防御状态
2026-03-25,4537.4656,2.4940047945084287,-0.041897167368351584,-0.006723139800525635,-0.03021263689719711,下跌,152.80052740912024,-0.06975640001036154,-0.026746354704657582,-0.0557843954487145,下跌,249.40047945084288,防御状态
2026-03-26,4477.5343,2.470780497856497,-0.052749365706582396,-0.029076354563636775,-0.042564370642197646,下跌,150.78232274255168,-0.07245076900196645,-0.03416391006105868,-0.0640608368618093,下跌,247.07804978564968,防御状态
2026-03-27,4502.5698,2.5625360388744327,-0.04417166143359197,-0.02557262492122181,-0.03680538432410707,下跌,151.62540078240525,-0.04350076278145654,0.0052235830091240665,-0.029385158031191017,下跌,256.25360388744326,防御状态
2026-03-30,4491.95,2.587645228723998,-0.050060346793583954,-0.030666120622643955,-0.03859006868010617,下跌,151.26777580317028,-0.013151207353740646,0.01155468856605979,-0.02005737224587323,下跌,258.7645228723998,防御状态
2026-03-31,4450.0493,2.5772238897162194,-0.044212089608011595,-0.041461479768481024,-0.046903631527653644,下跌,149.85675704882172,0.013630329331395963,0.0018243238219952662,-0.024032848503680926,修复,257.72238897162197,医疗修复
2026-04-01,4526.0668,2.684645361522156,-0.016633530863379042,-0.02816543703996366,-0.03016835167535914,下跌,152.41666936910968,0.06682999887502783,0.04740880924621971,0.015867405519647715,上涨,268.4645361522156,医疗独立行情
2026-04-02,4478.9141,2.6945599862848573,-0.03631436772672614,-0.03458614582779418,-0.03972180839729822,下跌,150.82878792516797,0.060998659341238604,0.06238681772781174,0.01860260408705483,上涨,269.4559986284857,医疗独立行情
2026-04-03,4440.7889,2.6360426106868964,-0.04713077459011927,-0.04525481556503419,-0.047179168626580115,下跌,149.5449102760287,0.011961288297028583,0.0448385554527877,-0.0042279528801622,修复,263.60426106868965,医疗修复
2026-04-07,4440.6162,2.647359134379629,-0.037881183157864484,-0.04089109587717077,-0.04657072904019055,下跌,149.5390945512586,0.022086141117062752,0.051999677136091105,-0.0007763280280341789,修复,264.7359134379629,医疗修复
2026-04-08,4595.556,2.692966576378801,-0.016942102777466772,-0.025900018307472794,-0.012872522805849385,下跌,154.75673921101392,0.020911538981956523,0.02926727639445681,0.01594843105657784,上涨,269.2966576378801,医疗独立行情
2026-04-09,4566.2237,2.642327632449447,-0.029391501861017688,-0.04685544711707523,-0.018384282989527212,下跌,153.76896513067211,0.003715749994819051,0.0014927259817199001,-0.0031802988452116487,修复,264.2327632449447,医疗修复
2026-04-10,4636.5655,2.6629388926182167,-0.010878708520451807,-0.02933014488893071,-0.0027621041871727092,下跌,156.13774653562797,0.017513555979199236,0.002813865114735359,0.0045481168095873326,上涨,266.2938892618217,医疗独立行情
2026-04-13,4646.1546,2.6408362651230486,-0.004922833755252709,-0.01931314691306263,-0.0003717961757109256,下跌,156.4606623804068,0.010520475300871857,-0.016957438525073698,-0.003504315077160425,修复,264.0836265123049,医疗修复
2026-04-14,4701.2837,2.6654085051195016,0.006362886429072345,-0.012111650241133365,0.01169842633630136,上涨,158.31715150852054,0.015497813353294587,-0.028744154272727807,0.0062669986621746165,上涨,266.54085051195017,风险偏好
2026-04-15,4685.2464,2.7095562864549687,0.010308965344494547,-0.021851972127692076,0.008625904963796005,上涨,157.7770905771014,0.039441660838998915,-0.023757622546581092,0.023358622924935624,上涨,270.95562864549686,风险偏好
2026-04-16,4736.6077,2.707708275727786,0.01680328780316298,-0.005130126818712832,0.01977218015212312,上涨,159.50669789983635,0.03170805624335493,-0.03533068168615239,0.02329944485378821,上涨,270.7708275727786,风险偏好
2026-04-17,4728.6716,2.673901416100721,0.03172867836108728,-0.0027961185260704235,0.01811200893845455,上涨,159.23944733036174,0.04132993392831885,-0.050249065973223206,0.01142438026071746,上涨,267.3901416100721,风险偏好
2026-04-20,4757.4419,2.6718166888729145,0.04169547923164485,0.0012654297518432944,0.02428433127044749,上涨,160.20829589060617,0.060173135399113065,-0.038891206985027016,0.011325123337300846,上涨,267.18166888729144,风险偏好
2026-04-21,4767.997,2.652984190074766,0.07922139650114324,0.007634228882906546,0.026423808235251922,上涨,160.56374207775877,0.11203465366789334,-0.03272776318464332,0.004765706801110436,上涨,265.29841900747664,风险偏好
2026-04-22,4799.627,2.6730750099889837,0.07260888407289823,0.013765341890628502,0.032991369412044946,上涨,161.62889190103246,0.0837467787517483,-0.023233938259048847,0.012781189465750797,上涨,267.3075009988984,风险偏好
2026-04-23,4786.3273,2.6462826591784334,0.05484596952095888,0.01429346067885362,0.029879791811535217,上涨,161.18102047818726,0.06105756693223152,-0.027003300823508103,0.003095235369488414,上涨,264.62826591784335,风险偏好
2026-04-24,4769.3688,2.6284932679248376,0.06517750182282245,0.009802862934974677,0.026060444946297112,上涨,160.60993785795375,0.06383115384193894,-0.0373977142281926,-0.003004769862537393,修复,262.84932679248374,大盘独涨
2026-04-27,4770.9469,2.62875988708933,0.05960531694589166,0.010000150093916638,0.02622613273787877,上涨,160.66308085308836,0.0258430895059667,-0.034763787094784226,-0.0023064999701338795,修复,262.875988708933,大盘独涨
2026-04-28,4758.2083,2.614002492326052,0.05927454668907717,0.011847260027790352,0.023281696504672933,上涨,160.23410464256816,0.010185810369009118,-0.05654797060184247,-0.00692318077893983,修复,261.40024923260523,大盘独涨
2026-04-29,4810.3468,2.6221475283537643,0.08096483335589122,0.02196379662134662,0.03411120706413118,上涨,161.98988441053388,0.017431019018876004,-0.05889822678645318,-0.0027926510829411333,修复,262.21475283537643,大盘独涨
2026-04-30,4807.3069,2.6194700174740198,0.06213785885793821,0.021594083148411825,0.03308157496437181,上涨,161.88751485796448,-0.02427707770354548,-0.049731462368191814,-0.0029445605468031433,下跌,261.947001747402,大盘独涨
2026-05-06,4877.0932,2.637754336641986,0.08890081191778165,0.033722359053049544,0.04748162287640234,上涨,164.23758963229028,-0.02108160513479329,-0.026754632729255268,0.004477113452289627,转弱,263.7754336641986,大盘独涨
2026-05-07,4900.5098,2.6465973237648823,0.10352234937355398,0.030846470192483322,0.05195875579032205,上涨,165.0261507246605,0.0040039994176102045,-0.01853346591719729,0.008164373464787822,上涨,264.65973237648825,风险偏好
2026-05-08,4871.9122,2.650119169241519,0.09712525932774807,0.03518064918427788,0.04520075955627467,上涨,164.06311788918623,0.0010425615573070868,-0.006844872404084268,0.009623020075512523,上涨,265.01191692415193,风险偏好
2026-05-11,4951.8366,2.697506532886348,0.07752720236680832,0.07508862554958151,0.06103529949477493,上涨,166.75459624945356,0.001685856982915901,0.036780125575361255,0.027052254434251743,上涨,269.7506532886348,风险偏好
2026-05-12,4948.0465,2.6646423456419335,0.08361894315427443,0.06178808239483935,0.05913410048160239,上涨,166.6269634848254,0.00844509701160745,0.006630198243393393,0.014426521459596442,上涨,266.46423456419336,风险偏好
2026-05-13,4998.3417,2.6573371517504807,0.07802676356022586,0.06377499551363663,0.06875729574640843,上涨,168.3206695673899,-0.002103593470831888,-0.003086685568555514,0.011698257579275673,转弱,265.7337151750481,大盘独涨
2026-05-14,4914.5971,2.601116316054198,0.05777734989705263,0.05228188529902278,0.049937192372290884,上涨,165.50054481588415,-0.015040670863780248,-0.024174932804664206,-0.009300985871635636,下跌,260.1116316054198,大盘独涨
2026-05-15,4859.5927,2.5800079818623067,0.03367356877441807,0.04651498637079943,0.03738841175118801,上涨,163.64825499801265,-0.032040313180198954,-0.03464414747321887,-0.016762713425249043,下跌,258.00079818623067,大盘独涨
2026-05-18,4833.5237,2.548787115978079,0.031647705870922804,0.024256504357153208,0.03140335134604544,上涨,162.77037353285547,-0.05933413204242055,-0.05372303860585448,-0.027767362725664935,下跌,254.8787115978079,大盘独涨
2026-05-19,4852.8832,2.5663287113743958,0.02454826478452099,0.02721836457481608,0.03506104009356692,上涨,163.42231055478612,-0.052213735733916855,-0.050178493162733484,-0.020231642119731164,下跌,256.63287113743957,大盘独涨
2026-05-20,4850.7,2.545204665294606,0.025806063588767802,0.029038347573204115,0.03409221523529471,上涨,163.34879063400928,-0.048130701465347925,-0.05415988337195454,-0.027394398901971484,下跌,254.5204665294606,大盘独涨
2026-05-21,4783.0976,2.5211527864949423,0.005392751091715997,0.01345874567599048,0.019450377773273075,上涨,161.0722593531722,-0.05639005961951993,-0.056749209219558505,-0.035653809255369096,下跌,252.11527864949423,大盘独涨
2026-05-22,4845.0956,2.5162209395221744,0.01617001856335043,0.03962959790452558,0.03198733058093639,上涨,163.16006076775716,-0.05155072203756239,-0.049323154898021526,-0.03673858507227812,下跌,251.62209395221743,大盘独涨
2026-05-25,4921.5974,2.501342034639689,0.025412474761059345,0.04547029193991592,0.04748596950569772,上涨,165.73628203712548,-0.06424547560676286,-0.05767932873309278,-0.04149820176710861,下跌,250.1342034639689,大盘独涨
2026-05-26,4947.8493,2.477635541392233,0.0337465429913244,0.044756885818488135,0.052282084736299916,上涨,166.62032271514,-0.0637298200935793,-0.07586199891758127,-0.04934755885166142,下跌,247.76355413922332,大盘独涨
2026-05-27,4908.1714,2.456552630368832,0.029102928672657846,0.03835463010764917,0.043173234375734726,上涨,165.28415742355378,-0.06541414416166658,-0.07779201544549896,-0.056186237380523196,下跌,245.6552630368832,大盘独涨
2026-05-28,4914.2133,2.4310822319281082,0.030028923608435232,0.04321410717496166,0.043704759405386095,上涨,165.4876202347216,-0.0751980643542528,-0.0925675716638249,-0.06448642435550522,下跌,243.1082231928108,大盘独涨
2026-05-29,4892.1213,2.438630329404366,0.028143576648378188,0.03456628216380886,0.038411946768788674,上涨,164.74366544826054,-0.06708951633999116,-0.06998093495608193,-0.06047610447314433,下跌,243.8630329404366,大盘独涨
2026-06-01,4844.2556,2.4390279512844266,0.007049138328238724,0.040456099515276955,0.02756714371667024,上涨,163.1317735135191,-0.06983572628512769,-0.040722571533691077,-0.059697761578578756,下跌,243.90279512844268,大盘独涨
2026-06-02,4914.5591,2.401123777296641,0.02231024609641641,0.06777315560836406,0.04133159873148884,上涨,165.49926515438293,-0.08335512096753528,-0.04583640232474051,-0.0736241294462906,下跌,240.1123777296641,大盘独涨
2026-06-03,4938.8091,2.3737833780147817,0.012654238389375072,0.06263689455676302,0.04539512582422045,上涨,166.31589124399363,-0.10007412553939898,-0.0653089949900465,-0.08319452170818564,下跌,237.37833780147815,大盘独涨
2026-06-04,4904.7454,2.3381003392342317,0.000864318238890105,0.05242132769037422,0.037290870344954374,上涨,165.1687858366257,-0.11656362747764071,-0.10241700120217478,-0.09542263985288135,下跌,233.81003392342316,大盘独涨
2026-06-05,4816.9199,2.3368582663712534,-0.011287621316328322,0.04365004005780482,0.017994002930080688,转弱,162.21123554247697,-0.11820634577724409,-0.09779129820533106,-0.09442413379137105,下跌,233.68582663712533,防御状态
2026-06-08,4713.6358,2.273914104177387,-0.04810352587159272,0.008316925704061395,-0.003970163174062957,下跌,158.733112214561,-0.1570311039268233,-0.1379524840853542,-0.11674028371137335,下跌,227.3914104177387,防御状态
2026-06-09,4801.8106,2.280620096827005,-0.029554269548598744,0.020685468128476936,0.014314264940502808,转弱,161.70242529193035,-0.14411774602434102,-0.13368263540506686,-0.11211257685772136,下跌,228.0620096827005,防御状态
2026-06-10,4748.5932,2.2788880787278747,-0.04996627181370972,0.0130202277299869,0.0028573584161804,转弱,159.91031323992007,-0.14241665675479243,-0.12923292416028798,-0.11083555682680091,下跌,227.88880787278748,防御状态
2026-06-11,4722.4122,2.2602166578530394,-0.03910491462260457,0.011409424433621584,-0.00285879136388012,下跌,159.02866014086445,-0.13105898267490457,-0.1351242628932242,-0.11609091054041965,下跌,226.02166578530392,防御状态
2026-06-12,4777.3206,2.3089322209122365,-0.016929834469460836,0.02263944386361283,0.00835985704586606,转弱,160.8777171296802,-0.10506779934626476,-0.12031659799471561,-0.09517715160842377,下跌,230.89322209122366,防御状态
2026-06-15,4891.7126,2.313706885348917,0.012038608603491596,0.05483056252252316,0.03158208381467231,上涨,164.72990235206163,-0.09223219513135039,-0.11241433159219427,-0.09156740359254467,下跌,231.3706885348917,大盘独涨
2026-06-16,4884.2322,2.2937957700646376,0.006459871113320803,0.048493705601601045,0.029187439674221993,上涨,164.47799761801116,-0.1061956483212173,-0.12600349285539847,-0.09743194781418929,下跌,229.37957700646376,大盘独涨
2026-06-17,4931.3861,2.2783756844571923,0.016633908508050466,0.07595809009896914,0.03785462507214454,上涨,166.06591947231607,-0.10483596249676386,-0.11270445997986367,-0.10179477980279716,下跌,227.83756844571923,大盘独涨
2026-06-18,4941.5986,2.300105532187019,0.033137730662238685,0.08201866255001988,0.03863927158454605,上涨,166.4098285007759,-0.08767705610386123,-0.08732133309780887,-0.09191517778417957,下跌,230.01055321870192,大盘独涨
2026-06-22,5059.6582,2.297622258773889,0.04428449254953826,0.14523800841788703,0.06106833781101506,上涨,170.38552126320909,-0.0868757895281631,-0.036920166221096506,-0.09236954034073275,下跌,229.76222587738891,大盘独涨
2026-06-23,4919.386,2.344888291487911,-0.0004493256599980011,0.09937233201326645,0.030050760456443504,转弱,165.66181247281352,-0.06254792067023929,-0.04931020531175179,-0.07295568945455577,下跌,234.48882914879107,防御状态
2026-06-24,4943.0197,2.3372618699404417,-0.0009761008687148021,0.08937899165560603,0.033536573923269586,转弱,166.45768447339216,-0.05665630360343987,-0.06284788421943721,-0.07501545014546063,下跌,233.72618699404418,防御状态
2026-06-25,5020.1038,2.3099232200180664,0.022805316049068658,0.12117595615068755,0.04767319334150044,上涨,169.05351487150196,-0.05968909785936505,-0.06510383175599,-0.08486391280095251,下跌,230.99232200180663,大盘独涨
2026-06-26,4868.2205,2.2241694154658913,-0.009359137911250204,0.08120933516677531,0.014685323510327475,转弱,163.93879877434023,-0.08511140172256249,-0.13204365451857814,-0.11686439778373281,下跌,222.41694154658913,防御状态
2026-06-29,4926.921,2.3464410850643507,0.00711341724090131,0.09683344649873682,0.025370938428432188,上涨,165.91555587838945,-0.03780369793175353,-0.09321376090592925,-0.06682527648857794,下跌,234.64410850643506,大盘独涨
2026-06-30,4979.4328,2.3157827883010342,0.02790463822759448,0.11896126633922899,0.034400097114227535,上涨,167.68390663683977,-0.050530443047399176,-0.10144291400463956,-0.07741926806399657,下跌,231.57827883010341,大盘独涨
2026-07-01,4958.9773,2.4184207468142422,0.009038084413309555,0.09564827898695616,0.028609062210667835,上涨,166.99506148318895,0.007203697569092116,-0.09916565462373328,-0.03482338498766735,修复,241.84207468142424,大盘独涨
2026-07-02,4812.2957,2.4241963770651758,-0.025616175365028915,0.0744335775495224,-0.002965270221463645,下跌,162.0555142078964,0.021237405029162826,-0.10033683072405719,-0.03077537116009721,修复,242.41963770651756,医疗修复
2026-07-03,4842.1737,2.466235829303888,-0.012757379822406212,0.09038592219504071,0.0018364390777607653,转弱,163.06166490090217,0.054803246857926924,-0.06441731279099483,-0.01285048724155724,修复,246.6235829303888,医疗修复
2026-07-06,4841.998,2.4900677969261973,0.005206252235998354,0.09038876181193034,0.00041542670646710356,上涨,163.05574815022402,0.06556218353492715,-0.05941443131412949,-0.0022644397219989676,修复,249.00677969261972,大盘独涨
2026-07-07,4792.2624,2.3990919714650287,0.016680669304149465,0.042803612881662234,-0.010530782805811656,修复,161.38088676703052,0.05504951442874573,-0.10912671827845033,-0.03682693790651126,修复,239.90919714650286,医疗修复
2026-07-08,4755.5338,2.3749267853987885,-0.009637364705721518,0.04145878792578661,-0.018753457304320653,下跌,160.14404004559233,0.041351336289192187,-0.1011989746338825,-0.044819583512307526,修复,237.49267853987885,医疗修复
2026-07-09,4876.3125,2.3729336889613135,0.026896239500995733,0.05170788593410358,0.005338874939192051,上涨,164.2112993235002,0.041268200536613175,-0.10890419020158904,-0.043762296076960694,修复,237.29336889613134,大盘独涨
2026-07-10,4780.7867,2.4388991252320733,0.012361161526729836,0.028977102914311104,-0.014811235716753135,修复,160.99443909624512,0.07905545990832707,-0.07646711860099598,-0.01584496528355006,修复,243.88991252320733,医疗修复
2026-07-13,4695.383,2.4275678787524884,-0.01715137141936851,-0.0012551252756773934,-0.03239098165882259,下跌,158.11844365008895,0.05138117817654253,-0.08923233564768329,-0.018847972702698446,修复,242.75678787524885,医疗修复
2026-07-14,4796.502,2.488327990838993,-0.019463653690529492,0.02374594429014465,-0.011930273148388792,下跌,161.52365658020636,0.0754724406085443,-0.08164742571390471,0.0072104686648657434,上涨,248.83279908389932,医疗独立行情
2026-07-15,4786.7828,2.5690799056166442,-0.019951836032693238,0.010593045313843641,-0.014102245538428426,下跌,161.1963595785509,0.12001248722515911,-0.05119767567053768,0.040870185952675,上涨,256.9079905616644,医疗独立行情
2026-07-16,4698.4344,2.58766456432892,-0.04723858470542386,-0.006394438556485804,-0.032198249455053896,下跌,158.22120046863898,0.13574972818647058,-0.03225132058068092,0.049010672749840944,上涨,258.76645643289197,医疗独立行情
2026-07-17,4529.0953,2.4255092433982752,-0.08347567930750188,-0.047997769557627135,-0.0663474574394971,下跌,152.51865502322872,0.05452085108982718,-0.09218725464977251,-0.01508623987257618,修复,242.55092433982753,医疗修复
2026-07-20,4598.3208,2.449683916078095,-0.09117955833459257,-0.03558647373310009,-0.05152400362771903,下跌,154.84984468782037,0.06618218322160252,-0.07663078986947969,-0.0038992382785770774,修复,244.9683916078095,医疗修复
2026-07-21,4739.2287,2.4372957127350663,-0.0366219076933586,-0.012583957044995486,-0.022256519019500765,下跌,159.59496086811967,0.03940802706150226,-0.08820526785549843,-0.007350433952696522,修复,243.72957127350662,医疗修复
2026-07-22,4717.2442,2.4373156012827337,-0.0456756221303346,-0.014433425812731104,-0.02656087840447885,下跌,158.85462617669506,0.04280809635800109,-0.07896626506277138,-0.0059322976074949185,修复,243.73156012827337,医疗修复
2026-07-23,4728.0018,2.4358985634910355,-0.05818644626431824,-0.008673474779304136,-0.024202136125830553,下跌,159.21689161263717,0.05453659341628847,-0.073271903254998,-0.005207885716830285,修复,243.58985634910354,医疗修复
2026-07-24,4649.1917,2.3453321250345422,-0.04499155286824008,-0.02552013312074375,-0.0400654806506624,下跌,156.56293764212873,0.054475485871777085,-0.107818048900849,-0.040342830933687845,修复,234.53321250345422,医疗修复
