ts_code,name,healthcare_subindustry,horizon_sessions,expected_return_score,drawdown_risk_score,risk_model_version,model_training_end
000028.SZ,国药一致,医药流通,5,69.03225806451613,30.967741935483872,增强回撤模型,2026-07-15
000078.SZ,ST海王,医药流通,5,86.12903225806451,99.03225806451611,增强回撤模型,2026-07-15
000403.SZ,派林生物,血制品,5,52.25806451612903,65.48387096774194,增强回撤模型,2026-07-15
000411.SZ,英特集团,医药流通,5,26.451612903225808,46.45161290322581,增强回撤模型,2026-07-15
000423.SZ,东阿阿胶,中药,5,80.96774193548387,30.0,增强回撤模型,2026-07-15
000513.SZ,丽珠集团,生物制品/生物科技,5,31.290322580645164,0.3225806451612903,增强回撤模型,2026-07-15
000516.SZ,国际医学,医疗服务,5,73.22580645161291,23.225806451612904,增强回撤模型,2026-07-15
000534.SZ,万泽股份,生物制品/创新药,5,94.83870967741936,49.354838709677416,增强回撤模型,2026-07-15
000538.SZ,云南白药,中药,5,58.387096774193544,10.64516129032258,增强回撤模型,2026-07-15
000566.SZ,海南海药,化学制药/仿制药,5,16.7741935483871,96.12903225806453,增强回撤模型,2026-07-15
000597.SZ,东北制药,化学制药/仿制药,5,84.19354838709677,2.5806451612903225,增强回撤模型,2026-07-15
000623.SZ,吉林敖东,中药,5,3.5483870967741935,33.5483870967742,增强回撤模型,2026-07-15
000650.SZ,仁和药业,中药,5,28.387096774193548,24.193548387096776,增强回撤模型,2026-07-15
000661.SZ,长春高新,生物制品/创新药,5,25.161290322580644,9.032258064516128,增强回撤模型,2026-07-15
000739.SZ,普洛药业,CXO/CDMO,5,59.354838709677416,14.516129032258066,增强回撤模型,2026-07-15
000756.SZ,新华制药,原料药,5,42.90322580645161,50.0,增强回撤模型,2026-07-15
000766.SZ,通化金马,化学制药/创新药,5,4.516129032258064,74.51612903225806,增强回撤模型,2026-07-15
000813.SZ,德展健康,化学制药/创新药,5,45.16129032258064,41.612903225806456,增强回撤模型,2026-07-15
000908.SZ,石药景峰,化学制药/创新药,5,95.16129032258064,90.0,增强回撤模型,2026-07-15
000915.SZ,华特达因,化学制药/创新药,5,24.193548387096776,4.193548387096775,增强回撤模型,2026-07-15
000950.SZ,重药控股,医药流通,5,49.354838709677416,47.096774193548384,增强回撤模型,2026-07-15
000963.SZ,华东医药,化学制药/创新药,5,23.225806451612904,35.16129032258065,增强回撤模型,2026-07-15
000989.SZ,九芝堂,中药,5,13.548387096774196,65.16129032258064,增强回撤模型,2026-07-15
000999.SZ,华润三九,中药,5,45.483870967741936,37.41935483870968,增强回撤模型,2026-07-15
002001.SZ,新和成,营养品/维生素,5,69.35483870967742,66.45161290322581,增强回撤模型,2026-07-15
002004.SZ,华邦健康,化学制药/仿制药,5,43.54838709677419,0.967741935483871,增强回撤模型,2026-07-15
002007.SZ,华兰生物,疫苗,5,64.83870967741936,23.548387096774192,增强回撤模型,2026-07-15
002019.SZ,亿帆医药,生物制品/生物科技,5,34.516129032258064,7.741935483870968,增强回撤模型,2026-07-15
002020.SZ,京新药业,化学制药/创新药,5,7.741935483870968,69.6774193548387,增强回撤模型,2026-07-15
002030.SZ,达安基因,IVD/体外诊断,5,31.61290322580645,40.96774193548387,增强回撤模型,2026-07-15
002038.SZ,双鹭药业,生物制品/生物科技,5,64.51612903225806,93.87096774193547,增强回撤模型,2026-07-15
002044.SZ,美年健康,医疗服务,5,6.451612903225806,55.483870967741936,增强回撤模型,2026-07-15
002065.SZ,东华软件,互联网医疗/医疗IT,5,72.90322580645162,32.58064516129032,增强回撤模型,2026-07-15
002082.SZ,ST万邦,中药,5,98.38709677419357,92.25806451612904,增强回撤模型,2026-07-15
002099.SZ,海翔药业,CXO/CDMO,5,93.87096774193547,5.483870967741936,增强回撤模型,2026-07-15
002102.SZ,ST能特,原料药,5,93.5483870967742,16.129032258064516,增强回撤模型,2026-07-15
002173.SZ,创新医疗,医疗服务,5,1.2903225806451613,94.19354838709675,增强回撤模型,2026-07-15
002219.SZ,新里程,医疗服务,5,91.61290322580643,45.483870967741936,增强回撤模型,2026-07-15
002223.SZ,鱼跃医疗,互联网医疗/医疗IT,5,48.70967741935484,25.161290322580644,增强回撤模型,2026-07-15
002250.SZ,联化科技,CXO/CDMO,5,14.193548387096774,46.12903225806452,增强回撤模型,2026-07-15
002252.SZ,上海莱士,血制品,5,40.96774193548387,37.096774193548384,增强回撤模型,2026-07-15
002262.SZ,恩华药业,化学制药/创新药,5,30.64516129032258,10.32258064516129,增强回撤模型,2026-07-15
002275.SZ,桂林三金,中药,5,75.80645161290323,20.64516129032258,增强回撤模型,2026-07-15
002287.SZ,奇正藏药,中药,5,67.41935483870968,39.03225806451613,增强回撤模型,2026-07-15
002294.SZ,信立泰,化学制药/创新药,5,49.03225806451613,80.96774193548387,增强回撤模型,2026-07-15
002317.SZ,众生药业,中药,5,27.741935483870968,97.74193548387096,增强回撤模型,2026-07-15
002332.SZ,仙琚制药,原料药,5,35.80645161290323,0.6451612903225806,增强回撤模型,2026-07-15
002349.SZ,精华制药,中药,5,57.41935483870968,36.774193548387096,增强回撤模型,2026-07-15
002382.SZ,蓝帆医疗,医疗耗材,5,63.87096774193548,33.87096774193548,增强回撤模型,2026-07-15
002390.SZ,信邦制药,中药,5,36.12903225806451,41.935483870967744,增强回撤模型,2026-07-15
002399.SZ,海普瑞,CXO/CDMO,5,87.74193548387098,2.258064516129032,增强回撤模型,2026-07-15
002422.SZ,科伦药业,化学制药/创新药,5,29.03225806451613,90.96774193548389,增强回撤模型,2026-07-15
002424.SZ,ST百灵,中药,5,92.25806451612904,41.29032258064516,增强回撤模型,2026-07-15
002432.SZ,九安医疗,互联网医疗/医疗IT,5,3.870967741935484,98.70967741935485,增强回撤模型,2026-07-15
002437.SZ,誉衡药业,化学制药/仿制药,5,83.54838709677419,22.258064516129032,增强回撤模型,2026-07-15
002550.SZ,千红制药,生物制品/创新药,5,50.645161290322584,22.58064516129032,增强回撤模型,2026-07-15
002603.SZ,以岭药业,生物制品/生物科技,5,11.612903225806452,20.32258064516129,增强回撤模型,2026-07-15
002626.SZ,金达威,医疗健康其他,5,47.74193548387097,57.74193548387097,增强回撤模型,2026-07-15
002653.SZ,海思科,化学制药/创新药,5,78.06451612903226,94.83870967741936,增强回撤模型,2026-07-15
002675.SZ,东诚药业,生物制品/生物科技,5,55.483870967741936,3.5483870967741935,增强回撤模型,2026-07-15
002727.SZ,一心堂,零售药房,5,20.64516129032258,40.0,增强回撤模型,2026-07-15
002728.SZ,特一药业,中药,5,54.19354838709678,87.09677419354838,增强回撤模型,2026-07-15
002737.SZ,葵花药业,中药,5,12.903225806451612,51.61290322580645,增强回撤模型,2026-07-15
002755.SZ,奥赛康,化学制药/创新药,5,94.19354838709675,52.58064516129032,增强回撤模型,2026-07-15
002773.SZ,康弘药业,生物制品/创新药,5,49.67741935483871,14.193548387096774,增强回撤模型,2026-07-15
002793.SZ,罗欣药业,化学制药/仿制药,5,74.83870967741936,38.387096774193544,增强回撤模型,2026-07-15
002821.SZ,凯莱英,CXO/CDMO,5,50.967741935483865,81.93548387096774,增强回撤模型,2026-07-15
002901.SZ,大博医疗,医疗耗材,5,56.12903225806451,28.064516129032256,增强回撤模型,2026-07-15
002907.SZ,华森制药,中药,5,78.38709677419354,74.83870967741936,增强回撤模型,2026-07-15
002940.SZ,昂利康,化学制药/仿制药,5,10.967741935483872,70.64516129032258,增强回撤模型,2026-07-15
002950.SZ,奥美医疗,医疗耗材,5,35.483870967741936,39.35483870967742,增强回撤模型,2026-07-15
300003.SZ,乐普医疗,互联网医疗/医疗IT,5,41.935483870967744,61.61290322580645,增强回撤模型,2026-07-15
300006.SZ,莱美药业,化学制药/创新药,5,90.6451612903226,61.935483870967744,增强回撤模型,2026-07-15
300009.SZ,安科生物,生物制品/创新药,5,74.19354838709677,1.6129032258064515,增强回撤模型,2026-07-15
300015.SZ,爱尔眼科,医疗服务,5,62.58064516129033,29.03225806451613,增强回撤模型,2026-07-15
300026.SZ,红日药业,中药,5,73.87096774193549,59.67741935483871,增强回撤模型,2026-07-15
300039.SZ,上海凯宝,中药,5,17.096774193548388,89.03225806451613,增强回撤模型,2026-07-15
300049.SZ,福瑞医科,医疗设备,5,66.45161290322581,68.06451612903226,增强回撤模型,2026-07-15
300109.SZ,新开源,医疗器械其他,5,54.83870967741935,17.419354838709676,增强回撤模型,2026-07-15
300119.SZ,瑞普生物,动保/兽药,5,39.35483870967742,50.645161290322584,增强回撤模型,2026-07-15
300122.SZ,智飞生物,疫苗,5,16.451612903225808,58.387096774193544,增强回撤模型,2026-07-15
300142.SZ,沃森生物,疫苗,5,18.387096774193548,76.77419354838709,增强回撤模型,2026-07-15
300143.SZ,盈康生命,医疗服务,5,92.90322580645162,50.967741935483865,增强回撤模型,2026-07-15
300146.SZ,汤臣倍健,营养品/维生素,5,2.258064516129032,53.87096774193548,增强回撤模型,2026-07-15
300158.SZ,振东制药,中药,5,53.87096774193548,78.38709677419354,增强回撤模型,2026-07-15
300171.SZ,东富龙,医疗设备,5,47.096774193548384,27.741935483870968,增强回撤模型,2026-07-15
300181.SZ,佐力药业,中药,5,7.419354838709677,67.74193548387096,增强回撤模型,2026-07-15
300199.SZ,翰宇药业,化学制药/创新药,5,21.935483870967744,83.87096774193549,增强回撤模型,2026-07-15
300204.SZ,舒泰神,生物制品/创新药,5,11.935483870967742,95.80645161290322,增强回撤模型,2026-07-15
300206.SZ,理邦仪器,医疗设备,5,65.80645161290323,21.29032258064516,增强回撤模型,2026-07-15
300233.SZ,金城医药,生物制品/生物科技,5,25.806451612903224,18.70967741935484,增强回撤模型,2026-07-15
300244.SZ,迪安诊断,医疗服务,5,12.258064516129032,86.7741935483871,增强回撤模型,2026-07-15
300253.SZ,卫宁健康,互联网医疗/医疗IT,5,19.67741935483871,60.64516129032258,增强回撤模型,2026-07-15
300255.SZ,常山药业,生物制品/创新药,5,1.935483870967742,94.51612903225806,增强回撤模型,2026-07-15
300267.SZ,尔康制药,原料药,5,38.387096774193544,13.870967741935484,增强回撤模型,2026-07-15
300294.SZ,博雅生物,血制品,5,41.612903225806456,47.74193548387097,增强回撤模型,2026-07-15
300298.SZ,三诺生物,医疗设备,5,28.064516129032256,10.967741935483872,增强回撤模型,2026-07-15
300341.SZ,麦克奥迪,医疗设备,5,33.5483870967742,26.451612903225808,增强回撤模型,2026-07-15
300347.SZ,泰格医药,CXO/CDMO,5,21.612903225806452,68.70967741935485,增强回撤模型,2026-07-15
300357.SZ,我武生物,生物制品/创新药,5,34.83870967741935,12.580645161290322,增强回撤模型,2026-07-15
300358.SZ,楚天科技,医疗设备,5,44.516129032258064,20.0,增强回撤模型,2026-07-15
300363.SZ,博腾股份,CXO/CDMO,5,32.58064516129032,73.54838709677419,增强回撤模型,2026-07-15
300401.SZ,花园生物,原料药,5,14.838709677419354,90.32258064516128,增强回撤模型,2026-07-15
300406.SZ,九强生物,IVD/体外诊断,5,26.7741935483871,19.35483870967742,增强回撤模型,2026-07-15
300436.SZ,广生堂,化学制药/创新药,5,90.0,91.93548387096774,增强回撤模型,2026-07-15
300451.SZ,创业慧康,互联网医疗/医疗IT,5,51.935483870967744,55.80645161290323,增强回撤模型,2026-07-15
300463.SZ,迈克生物,IVD/体外诊断,5,39.03225806451613,16.7741935483871,增强回撤模型,2026-07-15
300482.SZ,万孚生物,IVD/体外诊断,5,2.903225806451613,65.80645161290323,增强回撤模型,2026-07-15
300497.SZ,富祥股份,原料药,5,2.5806451612903225,70.96774193548387,增强回撤模型,2026-07-15
300529.SZ,健帆生物,医疗耗材,5,15.483870967741936,16.451612903225808,增强回撤模型,2026-07-15
300558.SZ,贝达药业,生物制品/生物科技,5,23.870967741935484,79.03225806451613,增强回撤模型,2026-07-15
300573.SZ,兴齐眼药,化学制药/创新药,5,20.32258064516129,31.290322580645164,增强回撤模型,2026-07-15
300595.SZ,欧普康视,医疗耗材,5,12.580645161290322,11.612903225806452,增强回撤模型,2026-07-15
300601.SZ,康泰生物,疫苗,5,35.16129032258065,53.2258064516129,增强回撤模型,2026-07-15
300633.SZ,开立医疗,医疗设备,5,75.48387096774194,9.67741935483871,增强回撤模型,2026-07-15
300676.SZ,华大基因,医疗服务,5,64.19354838709678,43.225806451612904,增强回撤模型,2026-07-15
300677.SZ,英科医疗,医疗耗材,5,94.51612903225806,64.83870967741936,增强回撤模型,2026-07-15
300685.SZ,艾德生物,IVD/体外诊断,5,44.193548387096776,42.58064516129032,增强回撤模型,2026-07-15
300702.SZ,天宇股份,CXO/CDMO,5,40.64516129032258,14.838709677419354,增强回撤模型,2026-07-15
300705.SZ,九典制药,化学制药/创新药,5,11.29032258064516,23.870967741935484,增强回撤模型,2026-07-15
300723.SZ,一品红,化学制药/创新药,5,77.41935483870968,87.74193548387098,增强回撤模型,2026-07-15
300725.SZ,药石科技,CXO/CDMO,5,4.838709677419355,33.225806451612904,增强回撤模型,2026-07-15
300759.SZ,康龙化成,CXO/CDMO,5,9.032258064516128,69.35483870967742,增强回撤模型,2026-07-15
300760.SZ,迈瑞医疗,医疗设备,5,20.0,18.387096774193548,增强回撤模型,2026-07-15
300765.SZ,石药创新,原料药,5,58.06451612903226,91.61290322580643,增强回撤模型,2026-07-15
300832.SZ,新产业,IVD/体外诊断,5,13.870967741935484,56.774193548387096,增强回撤模型,2026-07-15
300841.SZ,康华生物,疫苗,5,22.903225806451612,48.064516129032256,增强回撤模型,2026-07-15
300888.SZ,稳健医疗,医疗器械其他,5,32.903225806451616,9.35483870967742,增强回撤模型,2026-07-15
300896.SZ,爱美客,医美/美妆,5,8.709677419354838,62.58064516129033,增强回撤模型,2026-07-15
301015.SZ,百洋医药,医药流通,5,97.09677419354838,76.45161290322581,增强回撤模型,2026-07-15
301017.SZ,漱玉平民,零售药房,5,50.0,75.48387096774194,增强回撤模型,2026-07-15
301047.SZ,义翘神州,CXO/CDMO,5,87.09677419354838,5.806451612903226,增强回撤模型,2026-07-15
301080.SZ,百普赛斯,生物制品/创新药,5,0.967741935483871,56.12903225806451,增强回撤模型,2026-07-15
301087.SZ,可孚医疗,医疗耗材,5,57.096774193548384,49.67741935483871,增强回撤模型,2026-07-15
301093.SZ,华兰股份,医疗耗材,5,86.7741935483871,95.48387096774194,增强回撤模型,2026-07-15
301096.SZ,百诚医药,CXO/CDMO,5,88.70967741935483,44.516129032258064,增强回撤模型,2026-07-15
301188.SZ,力诺药包,医疗耗材,5,16.129032258064516,99.35483870967742,增强回撤模型,2026-07-15
301201.SZ,诚达药业,CXO/CDMO,5,53.2258064516129,72.90322580645162,增强回撤模型,2026-07-15
301207.SZ,华兰疫苗,疫苗,5,85.48387096774194,50.32258064516129,增强回撤模型,2026-07-15
301211.SZ,亨迪药业,原料药,5,70.0,87.41935483870968,增强回撤模型,2026-07-15
301230.SZ,泓博医药,CXO/CDMO,5,15.806451612903224,83.22580645161291,增强回撤模型,2026-07-15
301235.SZ,华康洁净,医疗设备,5,15.161290322580644,97.09677419354838,增强回撤模型,2026-07-15
301246.SZ,宏源药业,原料药,5,36.774193548387096,27.09677419354839,增强回撤模型,2026-07-15
301263.SZ,泰恩康,医疗器械其他,5,95.48387096774194,71.93548387096774,增强回撤模型,2026-07-15
301267.SZ,华厦眼科,医疗服务,5,51.61290322580645,24.838709677419356,增强回撤模型,2026-07-15
301281.SZ,科源制药,原料药,5,57.74193548387097,84.19354838709677,增强回撤模型,2026-07-15
301293.SZ,三博脑科,医疗服务,5,30.0,73.87096774193549,增强回撤模型,2026-07-15
301301.SZ,川宁生物,原料药,5,28.70967741935484,2.903225806451613,增强回撤模型,2026-07-15
301333.SZ,诺思格,CXO/CDMO,5,22.258064516129032,61.29032258064516,增强回撤模型,2026-07-15
301363.SZ,美好医疗,医疗设备,5,59.03225806451613,79.35483870967742,增强回撤模型,2026-07-15
301367.SZ,瑞迈特,医疗设备,5,17.741935483870968,80.0,增强回撤模型,2026-07-15
301393.SZ,昊帆生物,生物制品/生物科技,5,60.967741935483865,75.80645161290323,增强回撤模型,2026-07-15
301408.SZ,华人健康,零售药房,5,4.193548387096775,78.70967741935485,增强回撤模型,2026-07-15
301580.SZ,爱迪特,医疗耗材,5,5.483870967741936,98.06451612903226,增强回撤模型,2026-07-15
301584.SZ,建发致新,医药流通,5,3.225806451612903,83.54838709677419,增强回撤模型,2026-07-15
301602.SZ,超研股份,医疗设备,5,42.25806451612903,28.70967741935484,增强回撤模型,2026-07-15
600055.SH,万东医疗,互联网医疗/医疗IT,5,84.83870967741936,36.45161290322581,增强回撤模型,2026-07-15
600056.SH,中国医药,医药流通,5,79.6774193548387,34.83870967741935,增强回撤模型,2026-07-15
600062.SH,华润双鹤,化学制药/创新药,5,38.70967741935484,5.161290322580645,增强回撤模型,2026-07-15
600079.SH,ST人福,化学制药/创新药,5,66.77419354838709,1.935483870967742,增强回撤模型,2026-07-15
600085.SH,同仁堂,中药,5,50.32258064516129,44.83870967741935,增强回撤模型,2026-07-15
600129.SH,太极集团,中药,5,61.935483870967744,89.6774193548387,增强回撤模型,2026-07-15
600161.SH,天坛生物,血制品,5,71.61290322580646,28.387096774193548,增强回撤模型,2026-07-15
600196.SH,复星医药,生物制品/生物科技,5,45.806451612903224,4.516129032258064,增强回撤模型,2026-07-15
600201.SH,生物股份,动保/兽药,5,58.70967741935483,63.2258064516129,增强回撤模型,2026-07-15
600211.SH,西藏药业,生物制品/创新药,5,36.45161290322581,1.2903225806451613,增强回撤模型,2026-07-15
600216.SH,浙江医药,原料药,5,33.87096774193548,3.225806451612903,增强回撤模型,2026-07-15
600252.SH,中恒集团,中药,5,27.419354838709676,67.41935483870968,增强回撤模型,2026-07-15
600267.SH,海正药业,化学制药/创新药,5,20.967741935483872,44.193548387096776,增强回撤模型,2026-07-15
600276.SH,恒瑞医药,生物制品/生物科技,5,72.25806451612902,21.612903225806452,增强回撤模型,2026-07-15
600285.SH,羚锐制药,中药,5,60.64516129032258,32.903225806451616,增强回撤模型,2026-07-15
600299.SH,安迪苏,营养品/维生素,5,93.2258064516129,51.29032258064517,增强回撤模型,2026-07-15
600329.SH,达仁堂,中药,5,66.12903225806451,37.74193548387097,增强回撤模型,2026-07-15
600332.SH,白云山,中药,5,34.193548387096776,17.741935483870968,增强回撤模型,2026-07-15
600380.SH,健康元,化学制药/创新药,5,38.064516129032256,6.774193548387098,增强回撤模型,2026-07-15
600420.SH,国药现代,化学制药/创新药,5,56.774193548387096,12.258064516129032,增强回撤模型,2026-07-15
600422.SH,昆药集团,中药,5,54.516129032258064,58.70967741935483,增强回撤模型,2026-07-15
600436.SH,片仔癀,中药,5,46.45161290322581,78.06451612903226,增强回撤模型,2026-07-15
600488.SH,津药药业,原料药,5,98.70967741935485,98.38709677419357,增强回撤模型,2026-07-15
600511.SH,国药股份,医药流通,5,46.774193548387096,13.225806451612904,增强回撤模型,2026-07-15
600513.SH,联环药业,化学制药/仿制药,5,24.838709677419356,60.322580645161295,增强回撤模型,2026-07-15
600518.SH,康美药业,中药,5,31.93548387096774,60.0,增强回撤模型,2026-07-15
600521.SH,华海药业,化学制药/创新药,5,78.70967741935485,43.54838709677419,增强回撤模型,2026-07-15
600529.SH,山东药玻,医疗耗材,5,8.38709677419355,7.096774193548387,增强回撤模型,2026-07-15
600535.SH,天士力,中药,5,14.516129032258066,39.67741935483871,增强回撤模型,2026-07-15
600557.SH,康缘药业,中药,5,67.0967741935484,63.87096774193548,增强回撤模型,2026-07-15
600566.SH,济川药业,中药,5,9.67741935483871,60.967741935483865,增强回撤模型,2026-07-15
600572.SH,康恩贝,中药,5,40.32258064516129,22.903225806451612,增强回撤模型,2026-07-15
600587.SH,新华医疗,医疗设备,5,17.419354838709676,11.29032258064516,增强回撤模型,2026-07-15
600645.SH,中源协和,IVD/体外诊断,5,70.3225806451613,45.16129032258064,增强回撤模型,2026-07-15
600664.SH,哈药股份,化学制药/仿制药,5,6.774193548387098,72.58064516129032,增强回撤模型,2026-07-15
600713.SH,南京医药,医药流通,5,67.74193548387096,38.70967741935484,增强回撤模型,2026-07-15
600718.SH,东软集团,互联网医疗/医疗IT,5,62.903225806451616,40.64516129032258,增强回撤模型,2026-07-15
600739.SH,辽宁成大,疫苗,5,10.0,24.516129032258064,增强回撤模型,2026-07-15
600750.SH,华润江中,中药,5,89.03225806451613,52.903225806451616,增强回撤模型,2026-07-15
600763.SH,通策医疗,医疗服务,5,63.2258064516129,30.32258064516129,增强回撤模型,2026-07-15
600771.SH,广誉远,中药,5,79.03225806451613,54.83870967741935,增强回撤模型,2026-07-15
600789.SH,鲁抗医药,化学制药/创新药,5,18.064516129032256,25.483870967741932,增强回撤模型,2026-07-15
600812.SH,华北制药,化学制药/创新药,5,68.38709677419355,18.064516129032256,增强回撤模型,2026-07-15
600829.SH,人民同泰,医药流通,5,52.58064516129032,77.09677419354838,增强回撤模型,2026-07-15
600851.SH,海欣股份,化学制药/仿制药,5,82.25806451612904,63.54838709677419,增强回撤模型,2026-07-15
600867.SH,通化东宝,生物制品/创新药,5,83.22580645161291,4.838709677419355,增强回撤模型,2026-07-15
600993.SH,马应龙,中药,5,40.0,26.7741935483871,增强回撤模型,2026-07-15
600998.SH,九州通,医药流通,5,68.70967741935485,34.516129032258064,增强回撤模型,2026-07-15
601089.SH,福元医药,化学制药/创新药,5,59.67741935483871,27.419354838709676,增强回撤模型,2026-07-15
601515.SH,衢州东峰,医疗包装/其他,5,48.064516129032256,58.06451612903226,增强回撤模型,2026-07-15
601607.SH,上海医药,医药流通,5,43.225806451612904,15.483870967741936,增强回撤模型,2026-07-15
603014.SH,威高血净,医疗耗材,5,25.483870967741932,48.70967741935484,增强回撤模型,2026-07-15
603087.SH,甘李药业,生物制品/创新药,5,56.451612903225815,20.967741935483872,增强回撤模型,2026-07-15
603108.SH,润达医疗,医药流通,5,7.096774193548387,66.12903225806451,增强回撤模型,2026-07-15
603127.SH,昭衍新药,CXO/CDMO,5,0.6451612903225806,76.12903225806451,增强回撤模型,2026-07-15
603222.SH,济民健康,医疗耗材,5,13.225806451612904,92.58064516129032,增强回撤模型,2026-07-15
603229.SH,奥翔药业,原料药,5,82.9032258064516,6.451612903225806,增强回撤模型,2026-07-15
603233.SH,大参林,零售药房,5,91.93548387096774,56.451612903225815,增强回撤模型,2026-07-15
603259.SH,药明康德,CXO/CDMO,5,29.354838709677416,19.67741935483871,增强回撤模型,2026-07-15
603301.SH,振德医疗,医疗耗材,5,99.35483870967742,31.61290322580645,增强回撤模型,2026-07-15
603367.SH,辰欣药业,化学制药/创新药,5,6.129032258064516,42.25806451612903,增强回撤模型,2026-07-15
603368.SH,柳药集团,医药流通,5,23.548387096774192,21.935483870967744,增强回撤模型,2026-07-15
603392.SH,万泰生物,IVD/体外诊断,5,76.45161290322581,25.806451612903224,增强回撤模型,2026-07-15
603456.SH,九洲药业,CXO/CDMO,5,27.09677419354839,15.161290322580644,增强回撤模型,2026-07-15
603538.SH,美诺华,原料药,5,96.12903225806453,96.4516129032258,增强回撤模型,2026-07-15
603590.SH,康辰药业,生物制品/生物科技,5,29.677419354838708,49.03225806451613,增强回撤模型,2026-07-15
603658.SH,安图生物,IVD/体外诊断,5,51.29032258064517,15.806451612903224,增强回撤模型,2026-07-15
603669.SH,灵康药业,化学制药/仿制药,5,42.58064516129032,77.41935483870968,增强回撤模型,2026-07-15
603707.SH,健友股份,生物制品/生物科技,5,61.61290322580645,6.129032258064516,增强回撤模型,2026-07-15
603858.SH,步长制药,中药,5,84.51612903225806,38.064516129032256,增强回撤模型,2026-07-15
603882.SH,金域医学,医疗服务,5,77.09677419354838,57.41935483870968,增强回撤模型,2026-07-15
603883.SH,老百姓,零售药房,5,39.67741935483871,26.129032258064516,增强回撤模型,2026-07-15
603939.SH,益丰药房,零售药房,5,91.29032258064515,51.935483870967744,增强回撤模型,2026-07-15
605116.SH,奥锐特,原料药,5,60.322580645161295,12.903225806451612,增强回撤模型,2026-07-15
605507.SH,国邦医药,原料药,5,19.35483870967742,8.064516129032258,增强回撤模型,2026-07-15
688016.SH,心脉医疗,医疗耗材,5,37.096774193548384,19.032258064516128,增强回撤模型,2026-07-15
688029.SH,南微医学,医疗耗材,5,26.129032258064516,48.38709677419355,增强回撤模型,2026-07-15
688046.SH,药康生物,CXO/CDMO,5,97.74193548387096,85.80645161290322,增强回撤模型,2026-07-15
688050.SH,爱博医疗,医疗耗材,5,48.38709677419355,34.193548387096776,增强回撤模型,2026-07-15
688062.SH,迈威生物,生物制品/创新药,5,5.806451612903226,67.0967741935484,增强回撤模型,2026-07-15
688068.SH,热景生物,IVD/体外诊断,5,8.064516129032258,100.0,增强回撤模型,2026-07-15
688076.SH,ST诺泰,CXO/CDMO,5,76.12903225806451,3.870967741935484,增强回撤模型,2026-07-15
688091.SH,上海谊众,生物制品/生物科技,5,52.903225806451616,72.25806451612902,增强回撤模型,2026-07-15
688105.SH,诺唯赞,医疗器械其他,5,74.51612903225806,86.45161290322581,增强回撤模型,2026-07-15
688108.SH,赛诺医疗,医疗耗材,5,53.5483870967742,77.74193548387098,增强回撤模型,2026-07-15
688114.SH,华大智造,医疗设备,5,70.96774193548387,71.29032258064515,增强回撤模型,2026-07-15
688117.SH,圣诺生物,CXO/CDMO,5,81.93548387096774,46.774193548387096,增强回撤模型,2026-07-15
688131.SH,皓元医药,CXO/CDMO,5,55.16129032258065,57.096774193548384,增强回撤模型,2026-07-15
688139.SH,海尔生物,互联网医疗/医疗IT,5,86.45161290322581,43.87096774193549,增强回撤模型,2026-07-15
688151.SH,华强科技,医疗耗材,5,90.32258064516128,7.419354838709677,增强回撤模型,2026-07-15
688161.SH,威高骨科,医疗耗材,5,89.35483870967742,17.096774193548388,增强回撤模型,2026-07-15
688166.SH,博瑞医药,原料药,5,61.29032258064516,81.61290322580645,增强回撤模型,2026-07-15
688176.SH,亚虹医药,化学制药/创新药,5,88.06451612903226,92.90322580645162,增强回撤模型,2026-07-15
688177.SH,百奥泰,生物制品/创新药,5,83.87096774193549,13.548387096774196,增强回撤模型,2026-07-15
688180.SH,君实生物,生物制品/创新药,5,98.06451612903226,42.90322580645161,增强回撤模型,2026-07-15
688185.SH,康希诺,疫苗,5,77.74193548387098,59.354838709677416,增强回撤模型,2026-07-15
688192.SH,迪哲医药,生物制品/创新药,5,37.41935483870968,93.5483870967742,增强回撤模型,2026-07-15
688197.SH,首药控股,化学制药/创新药,5,46.12903225806452,95.16129032258064,增强回撤模型,2026-07-15
688198.SH,佰仁医疗,医疗耗材,5,82.58064516129032,64.51612903225806,增强回撤模型,2026-07-15
688202.SH,美迪西,CXO/CDMO,5,80.3225806451613,82.25806451612904,增强回撤模型,2026-07-15
688221.SH,前沿生物,生物制品/创新药,5,33.225806451612904,91.29032258064515,增强回撤模型,2026-07-15
688222.SH,成都先导,CXO/CDMO,5,18.70967741935484,80.3225806451613,增强回撤模型,2026-07-15
688235.SH,百济神州,生物制品/创新药,5,9.35483870967742,35.80645161290323,增强回撤模型,2026-07-15
688236.SH,春立医疗,医疗耗材,5,43.87096774193549,40.32258064516129,增强回撤模型,2026-07-15
688253.SH,英诺特,IVD/体外诊断,5,89.6774193548387,80.64516129032258,增强回撤模型,2026-07-15
688266.SH,泽璟制药,生物制品/创新药,5,92.58064516129032,88.70967741935483,增强回撤模型,2026-07-15
688271.SH,联影医疗,医疗设备,5,55.80645161290323,30.64516129032258,增强回撤模型,2026-07-15
688276.SH,百克生物,疫苗,5,76.77419354838709,36.12903225806451,增强回撤模型,2026-07-15
688277.SH,天智航,医疗设备,5,10.32258064516129,84.51612903225806,增强回撤模型,2026-07-15
688278.SH,特宝生物,生物制品/创新药,5,30.967741935483872,8.709677419354838,增强回撤模型,2026-07-15
688289.SH,圣湘生物,IVD/体外诊断,5,69.6774193548387,31.93548387096774,增强回撤模型,2026-07-15
688293.SH,奥浦迈,CXO/CDMO,5,41.29032258064516,74.19354838709677,增强回撤模型,2026-07-15
688301.SH,奕瑞科技,医疗设备,5,73.54838709677419,81.29032258064515,增强回撤模型,2026-07-15
688315.SH,诺禾致源,CXO/CDMO,5,81.29032258064515,11.935483870967742,增强回撤模型,2026-07-15
688319.SH,欧林生物,疫苗,5,85.80645161290322,99.67741935483872,增强回撤模型,2026-07-15
688321.SH,微芯生物,生物制品/生物科技,5,22.58064516129032,54.516129032258064,增强回撤模型,2026-07-15
688331.SH,荣昌生物,生物制品/创新药,5,99.03225806451611,79.6774193548387,增强回撤模型,2026-07-15
688336.SH,三生国健,生物制品/创新药,5,100.0,88.06451612903226,增强回撤模型,2026-07-15
688351.SH,微电生理,医疗耗材,5,70.64516129032258,45.806451612903224,增强回撤模型,2026-07-15
688363.SH,华熙生物,医美/美妆,5,79.35483870967742,54.19354838709678,增强回撤模型,2026-07-15
688366.SH,昊海生科,医美/美妆,5,72.58064516129032,55.16129032258065,增强回撤模型,2026-07-15
688382.SH,益方生物,生物制品/创新药,5,5.161290322580645,96.7741935483871,增强回撤模型,2026-07-15
688410.SH,山外山,医疗设备,5,80.64516129032258,47.41935483870968,增强回撤模型,2026-07-15
688428.SH,诺诚健华,生物制品/创新药,5,95.80645161290322,52.25806451612903,增强回撤模型,2026-07-15
688443.SH,智翔金泰,生物制品/创新药,5,37.74193548387097,35.483870967741936,增强回撤模型,2026-07-15
688488.SH,艾迪药业,生物制品/创新药,5,21.29032258064516,75.16129032258064,增强回撤模型,2026-07-15
688505.SH,复旦张江,化学制药/创新药,5,60.0,29.354838709677416,增强回撤模型,2026-07-15
688506.SH,百利天恒,生物制品/生物科技,5,63.54838709677419,93.2258064516129,增强回撤模型,2026-07-15
688513.SH,苑东生物,生物制品/生物科技,5,88.38709677419355,88.38709677419355,增强回撤模型,2026-07-15
688520.SH,神州细胞,生物制品/创新药,5,87.41935483870968,32.25806451612903,增强回撤模型,2026-07-15
688553.SH,汇宇制药,生物制品/生物科技,5,75.16129032258064,82.9032258064516,增强回撤模型,2026-07-15
688566.SH,吉贝尔,化学制药/创新药,5,97.41935483870968,29.677419354838708,增强回撤模型,2026-07-15
688575.SH,亚辉龙,IVD/体外诊断,5,80.0,10.0,增强回撤模型,2026-07-15
688578.SH,艾力斯,生物制品/生物科技,5,30.32258064516129,82.58064516129032,增强回撤模型,2026-07-15
688580.SH,伟思医疗,医疗设备,5,81.61290322580645,69.03225806451613,增强回撤模型,2026-07-15
688617.SH,惠泰医疗,医疗耗材,5,68.06451612903226,59.03225806451613,增强回撤模型,2026-07-15
688621.SH,阳光诺和,CXO/CDMO,5,19.032258064516128,62.903225806451616,增强回撤模型,2026-07-15
688626.SH,翔宇医疗,医疗设备,5,62.25806451612903,70.3225806451613,增强回撤模型,2026-07-15
688656.SH,浩欧博,IVD/体外诊断,5,96.4516129032258,68.38709677419355,增强回撤模型,2026-07-15
688658.SH,悦康药业,化学制药/创新药,5,24.516129032258064,66.77419354838709,增强回撤模型,2026-07-15
688677.SH,海泰新光,医疗设备,5,71.93548387096774,90.6451612903226,增强回撤模型,2026-07-15
688690.SH,纳微科技,CXO/CDMO,5,71.29032258064515,62.25806451612903,增强回撤模型,2026-07-15
688710.SH,益诺思,CXO/CDMO,5,99.67741935483872,85.48387096774194,增强回撤模型,2026-07-15
688712.SH,北芯生命,医疗耗材,5,10.64516129032258,64.19354838709678,增强回撤模型,2026-07-15
688739.SH,成大生物,疫苗,5,65.48387096774194,8.38709677419355,增强回撤模型,2026-07-15
688758.SH,赛分科技,生物制品/生物科技,5,47.41935483870968,73.22580645161291,增强回撤模型,2026-07-15
688759.SH,必贝特,生物制品/创新药,5,0.3225806451612903,71.61290322580646,增强回撤模型,2026-07-15
688765.SH,禾元生物,血制品,5,32.25806451612903,84.83870967741936,增强回撤模型,2026-07-15
688767.SH,博拓生物,IVD/体外诊断,5,44.83870967741935,86.12903225806451,增强回撤模型,2026-07-15
688796.SH,百奥赛图,CXO/CDMO,5,65.16129032258064,97.41935483870968,增强回撤模型,2026-07-15
688799.SH,华纳药厂,化学制药/仿制药,5,96.7741935483871,85.16129032258064,增强回撤模型,2026-07-15
688805.SH,健信超导,医疗设备,5,85.16129032258064,53.5483870967742,增强回撤模型,2026-07-15
920047.BJ,诺思兰德,生物制品/生物科技,5,90.96774193548389,89.35483870967742,增强回撤模型,2026-07-15
920982.BJ,锦波生物,医疗器械其他,5,1.6129032258064515,70.0,增强回撤模型,2026-07-15
000028.SZ,国药一致,医药流通,20,85.48387096774194,29.677419354838708,动态申万历史7因子-Ridge,2026-07-08
000078.SZ,ST海王,医药流通,20,65.48387096774194,100.0,动态申万历史7因子-Ridge,2026-07-08
000403.SZ,派林生物,血制品,20,91.61290322580643,43.225806451612904,动态申万历史7因子-Ridge,2026-07-08
000411.SZ,英特集团,医药流通,20,40.0,44.83870967741935,动态申万历史7因子-Ridge,2026-07-08
000423.SZ,东阿阿胶,中药,20,61.29032258064516,40.64516129032258,动态申万历史7因子-Ridge,2026-07-08
000513.SZ,丽珠集团,生物制品/生物科技,20,83.87096774193549,0.3225806451612903,动态申万历史7因子-Ridge,2026-07-08
000516.SZ,国际医学,医疗服务,20,57.096774193548384,2.5806451612903225,动态申万历史7因子-Ridge,2026-07-08
000534.SZ,万泽股份,生物制品/创新药,20,99.03225806451611,90.0,动态申万历史7因子-Ridge,2026-07-08
000538.SZ,云南白药,中药,20,49.67741935483871,24.193548387096776,动态申万历史7因子-Ridge,2026-07-08
000566.SZ,海南海药,化学制药/仿制药,20,77.41935483870968,93.2258064516129,动态申万历史7因子-Ridge,2026-07-08
000597.SZ,东北制药,化学制药/仿制药,20,70.64516129032258,3.5483870967741935,动态申万历史7因子-Ridge,2026-07-08
000623.SZ,吉林敖东,中药,20,24.838709677419356,34.83870967741935,动态申万历史7因子-Ridge,2026-07-08
000650.SZ,仁和药业,中药,20,45.483870967741936,22.903225806451612,动态申万历史7因子-Ridge,2026-07-08
000661.SZ,长春高新,生物制品/创新药,20,47.74193548387097,53.87096774193548,动态申万历史7因子-Ridge,2026-07-08
000739.SZ,普洛药业,CXO/CDMO,20,77.09677419354838,31.290322580645164,动态申万历史7因子-Ridge,2026-07-08
000756.SZ,新华制药,原料药,20,12.580645161290322,27.741935483870968,动态申万历史7因子-Ridge,2026-07-08
000766.SZ,通化金马,化学制药/创新药,20,72.58064516129032,67.0967741935484,动态申万历史7因子-Ridge,2026-07-08
000813.SZ,德展健康,化学制药/创新药,20,14.193548387096774,23.870967741935484,动态申万历史7因子-Ridge,2026-07-08
000908.SZ,石药景峰,化学制药/创新药,20,98.70967741935485,76.45161290322581,动态申万历史7因子-Ridge,2026-07-08
000915.SZ,华特达因,化学制药/创新药,20,36.45161290322581,1.2903225806451613,动态申万历史7因子-Ridge,2026-07-08
000950.SZ,重药控股,医药流通,20,75.16129032258064,49.354838709677416,动态申万历史7因子-Ridge,2026-07-08
000963.SZ,华东医药,化学制药/创新药,20,42.90322580645161,15.806451612903224,动态申万历史7因子-Ridge,2026-07-08
000989.SZ,九芝堂,中药,20,7.096774193548387,64.19354838709678,动态申万历史7因子-Ridge,2026-07-08
000999.SZ,华润三九,中药,20,58.387096774193544,42.58064516129032,动态申万历史7因子-Ridge,2026-07-08
002001.SZ,新和成,营养品/维生素,20,60.967741935483865,64.83870967741936,动态申万历史7因子-Ridge,2026-07-08
002004.SZ,华邦健康,化学制药/仿制药,20,54.83870967741935,3.225806451612903,动态申万历史7因子-Ridge,2026-07-08
002007.SZ,华兰生物,疫苗,20,55.483870967741936,10.0,动态申万历史7因子-Ridge,2026-07-08
002019.SZ,亿帆医药,生物制品/生物科技,20,80.96774193548387,8.709677419354838,动态申万历史7因子-Ridge,2026-07-08
002020.SZ,京新药业,化学制药/创新药,20,12.903225806451612,46.774193548387096,动态申万历史7因子-Ridge,2026-07-08
002030.SZ,达安基因,IVD/体外诊断,20,55.16129032258065,42.90322580645161,动态申万历史7因子-Ridge,2026-07-08
002038.SZ,双鹭药业,生物制品/生物科技,20,84.51612903225806,87.09677419354838,动态申万历史7因子-Ridge,2026-07-08
002044.SZ,美年健康,医疗服务,20,18.387096774193548,35.483870967741936,动态申万历史7因子-Ridge,2026-07-08
002065.SZ,东华软件,互联网医疗/医疗IT,20,28.387096774193548,36.12903225806451,动态申万历史7因子-Ridge,2026-07-08
002082.SZ,ST万邦,中药,20,99.67741935483872,98.38709677419355,动态申万历史7因子-Ridge,2026-07-08
002099.SZ,海翔药业,CXO/CDMO,20,95.48387096774194,32.903225806451616,动态申万历史7因子-Ridge,2026-07-08
002102.SZ,ST能特,原料药,20,43.87096774193549,35.80645161290323,动态申万历史7因子-Ridge,2026-07-08
002173.SZ,创新医疗,医疗服务,20,62.58064516129033,80.96774193548387,动态申万历史7因子-Ridge,2026-07-08
002219.SZ,新里程,医疗服务,20,30.967741935483872,14.193548387096774,动态申万历史7因子-Ridge,2026-07-08
002223.SZ,鱼跃医疗,互联网医疗/医疗IT,20,22.258064516129032,10.967741935483872,动态申万历史7因子-Ridge,2026-07-08
002250.SZ,联化科技,CXO/CDMO,20,90.6451612903226,74.19354838709677,动态申万历史7因子-Ridge,2026-07-08
002252.SZ,上海莱士,血制品,20,63.87096774193548,16.451612903225808,动态申万历史7因子-Ridge,2026-07-08
002262.SZ,恩华药业,化学制药/创新药,20,21.612903225806452,3.870967741935484,动态申万历史7因子-Ridge,2026-07-08
002275.SZ,桂林三金,中药,20,72.25806451612902,23.225806451612904,动态申万历史7因子-Ridge,2026-07-08
002287.SZ,奇正藏药,中药,20,79.35483870967742,38.064516129032256,动态申万历史7因子-Ridge,2026-07-08
002294.SZ,信立泰,化学制药/创新药,20,93.5483870967742,78.70967741935485,动态申万历史7因子-Ridge,2026-07-08
002317.SZ,众生药业,中药,20,1.6129032258064515,96.7741935483871,动态申万历史7因子-Ridge,2026-07-08
002332.SZ,仙琚制药,原料药,20,16.451612903225808,0.6451612903225806,动态申万历史7因子-Ridge,2026-07-08
002349.SZ,精华制药,中药,20,49.354838709677416,33.5483870967742,动态申万历史7因子-Ridge,2026-07-08
002382.SZ,蓝帆医疗,医疗耗材,20,89.6774193548387,48.38709677419355,动态申万历史7因子-Ridge,2026-07-08
002390.SZ,信邦制药,中药,20,82.9032258064516,40.96774193548387,动态申万历史7因子-Ridge,2026-07-08
002399.SZ,海普瑞,CXO/CDMO,20,86.45161290322581,5.483870967741936,动态申万历史7因子-Ridge,2026-07-08
002422.SZ,科伦药业,化学制药/创新药,20,70.96774193548387,84.51612903225806,动态申万历史7因子-Ridge,2026-07-08
002424.SZ,ST百灵,中药,20,92.58064516129032,37.74193548387097,动态申万历史7因子-Ridge,2026-07-08
002432.SZ,九安医疗,互联网医疗/医疗IT,20,97.74193548387096,97.09677419354838,动态申万历史7因子-Ridge,2026-07-08
002437.SZ,誉衡药业,化学制药/仿制药,20,25.806451612903224,37.096774193548384,动态申万历史7因子-Ridge,2026-07-08
002550.SZ,千红制药,生物制品/创新药,20,35.483870967741936,31.61290322580645,动态申万历史7因子-Ridge,2026-07-08
002603.SZ,以岭药业,生物制品/生物科技,20,30.0,61.935483870967744,动态申万历史7因子-Ridge,2026-07-08
002626.SZ,金达威,医疗健康其他,20,50.967741935483865,39.67741935483871,动态申万历史7因子-Ridge,2026-07-08
002653.SZ,海思科,化学制药/创新药,20,97.09677419354838,89.03225806451613,动态申万历史7因子-Ridge,2026-07-08
002675.SZ,东诚药业,生物制品/生物科技,20,62.25806451612903,1.935483870967742,动态申万历史7因子-Ridge,2026-07-08
002727.SZ,一心堂,零售药房,20,66.77419354838709,41.612903225806456,动态申万历史7因子-Ridge,2026-07-08
002728.SZ,特一药业,中药,20,10.0,83.87096774193549,动态申万历史7因子-Ridge,2026-07-08
002737.SZ,葵花药业,中药,20,17.419354838709676,39.03225806451613,动态申万历史7因子-Ridge,2026-07-08
002755.SZ,奥赛康,化学制药/创新药,20,73.87096774193549,40.32258064516129,动态申万历史7因子-Ridge,2026-07-08
002773.SZ,康弘药业,生物制品/创新药,20,44.516129032258064,52.25806451612903,动态申万历史7因子-Ridge,2026-07-08
002793.SZ,罗欣药业,化学制药/仿制药,20,26.7741935483871,53.2258064516129,动态申万历史7因子-Ridge,2026-07-08
002821.SZ,凯莱英,CXO/CDMO,20,74.83870967741936,88.38709677419355,动态申万历史7因子-Ridge,2026-07-08
002901.SZ,大博医疗,医疗耗材,20,29.677419354838708,25.483870967741932,动态申万历史7因子-Ridge,2026-07-08
002907.SZ,华森制药,中药,20,29.354838709677416,72.25806451612902,动态申万历史7因子-Ridge,2026-07-08
002940.SZ,昂利康,化学制药/仿制药,20,54.516129032258064,80.0,动态申万历史7因子-Ridge,2026-07-08
002950.SZ,奥美医疗,医疗耗材,20,95.16129032258064,44.193548387096776,动态申万历史7因子-Ridge,2026-07-08
300003.SZ,乐普医疗,互联网医疗/医疗IT,20,62.903225806451616,38.70967741935484,动态申万历史7因子-Ridge,2026-07-08
300006.SZ,莱美药业,化学制药/创新药,20,96.12903225806453,75.48387096774194,动态申万历史7因子-Ridge,2026-07-08
300009.SZ,安科生物,生物制品/创新药,20,50.0,19.35483870967742,动态申万历史7因子-Ridge,2026-07-08
300015.SZ,爱尔眼科,医疗服务,20,46.45161290322581,7.741935483870968,动态申万历史7因子-Ridge,2026-07-08
300026.SZ,红日药业,中药,20,48.70967741935484,50.645161290322584,动态申万历史7因子-Ridge,2026-07-08
300039.SZ,上海凯宝,中药,20,13.870967741935484,86.45161290322581,动态申万历史7因子-Ridge,2026-07-08
300049.SZ,福瑞医科,医疗设备,20,8.064516129032258,77.74193548387098,动态申万历史7因子-Ridge,2026-07-08
300109.SZ,新开源,医疗器械其他,20,88.06451612903226,52.58064516129032,动态申万历史7因子-Ridge,2026-07-08
300119.SZ,瑞普生物,动保/兽药,20,54.19354838709678,30.32258064516129,动态申万历史7因子-Ridge,2026-07-08
300122.SZ,智飞生物,疫苗,20,47.096774193548384,49.67741935483871,动态申万历史7因子-Ridge,2026-07-08
300142.SZ,沃森生物,疫苗,20,2.5806451612903225,66.77419354838709,动态申万历史7因子-Ridge,2026-07-08
300143.SZ,盈康生命,医疗服务,20,94.83870967741936,9.35483870967742,动态申万历史7因子-Ridge,2026-07-08
300146.SZ,汤臣倍健,营养品/维生素,20,2.903225806451613,43.87096774193549,动态申万历史7因子-Ridge,2026-07-08
300158.SZ,振东制药,中药,20,87.41935483870968,73.87096774193549,动态申万历史7因子-Ridge,2026-07-08
300171.SZ,东富龙,医疗设备,20,57.41935483870968,28.064516129032256,动态申万历史7因子-Ridge,2026-07-08
300181.SZ,佐力药业,中药,20,16.129032258064516,60.64516129032258,动态申万历史7因子-Ridge,2026-07-08
300199.SZ,翰宇药业,化学制药/创新药,20,17.741935483870968,78.06451612903226,动态申万历史7因子-Ridge,2026-07-08
300204.SZ,舒泰神,生物制品/创新药,20,28.70967741935484,94.83870967741936,动态申万历史7因子-Ridge,2026-07-08
300206.SZ,理邦仪器,医疗设备,20,74.51612903225806,22.258064516129032,动态申万历史7因子-Ridge,2026-07-08
300233.SZ,金城医药,生物制品/生物科技,20,45.806451612903224,18.70967741935484,动态申万历史7因子-Ridge,2026-07-08
300244.SZ,迪安诊断,医疗服务,20,1.2903225806451613,67.74193548387096,动态申万历史7因子-Ridge,2026-07-08
300253.SZ,卫宁健康,互联网医疗/医疗IT,20,14.516129032258066,59.03225806451613,动态申万历史7因子-Ridge,2026-07-08
300255.SZ,常山药业,生物制品/创新药,20,26.129032258064516,95.48387096774194,动态申万历史7因子-Ridge,2026-07-08
300267.SZ,尔康制药,原料药,20,64.19354838709678,44.516129032258064,动态申万历史7因子-Ridge,2026-07-08
300294.SZ,博雅生物,血制品,20,69.35483870967742,20.967741935483872,动态申万历史7因子-Ridge,2026-07-08
300298.SZ,三诺生物,医疗设备,20,38.70967741935484,10.64516129032258,动态申万历史7因子-Ridge,2026-07-08
300341.SZ,麦克奥迪,医疗设备,20,80.0,33.225806451612904,动态申万历史7因子-Ridge,2026-07-08
300347.SZ,泰格医药,CXO/CDMO,20,74.19354838709677,70.96774193548387,动态申万历史7因子-Ridge,2026-07-08
300357.SZ,我武生物,生物制品/创新药,20,18.70967741935484,46.12903225806452,动态申万历史7因子-Ridge,2026-07-08
300358.SZ,楚天科技,医疗设备,20,33.87096774193548,39.35483870967742,动态申万历史7因子-Ridge,2026-07-08
300363.SZ,博腾股份,CXO/CDMO,20,20.64516129032258,55.80645161290323,动态申万历史7因子-Ridge,2026-07-08
300401.SZ,花园生物,原料药,20,15.483870967741936,92.58064516129032,动态申万历史7因子-Ridge,2026-07-08
300406.SZ,九强生物,IVD/体外诊断,20,17.096774193548388,10.32258064516129,动态申万历史7因子-Ridge,2026-07-08
300436.SZ,广生堂,化学制药/创新药,20,24.516129032258064,88.06451612903226,动态申万历史7因子-Ridge,2026-07-08
300451.SZ,创业慧康,互联网医疗/医疗IT,20,20.32258064516129,47.41935483870968,动态申万历史7因子-Ridge,2026-07-08
300463.SZ,迈克生物,IVD/体外诊断,20,46.774193548387096,16.129032258064516,动态申万历史7因子-Ridge,2026-07-08
300482.SZ,万孚生物,IVD/体外诊断,20,11.29032258064516,50.32258064516129,动态申万历史7因子-Ridge,2026-07-08
300497.SZ,富祥股份,原料药,20,14.838709677419354,76.12903225806451,动态申万历史7因子-Ridge,2026-07-08
300529.SZ,健帆生物,医疗耗材,20,30.32258064516129,16.7741935483871,动态申万历史7因子-Ridge,2026-07-08
300558.SZ,贝达药业,生物制品/生物科技,20,10.967741935483872,77.09677419354838,动态申万历史7因子-Ridge,2026-07-08
300573.SZ,兴齐眼药,化学制药/创新药,20,11.935483870967742,15.161290322580644,动态申万历史7因子-Ridge,2026-07-08
300595.SZ,欧普康视,医疗耗材,20,37.74193548387097,12.258064516129032,动态申万历史7因子-Ridge,2026-07-08
300601.SZ,康泰生物,疫苗,20,44.193548387096776,30.967741935483872,动态申万历史7因子-Ridge,2026-07-08
300633.SZ,开立医疗,医疗设备,20,77.74193548387098,19.67741935483871,动态申万历史7因子-Ridge,2026-07-08
300676.SZ,华大基因,医疗服务,20,32.58064516129032,8.38709677419355,动态申万历史7因子-Ridge,2026-07-08
300677.SZ,英科医疗,医疗耗材,20,68.70967741935485,70.0,动态申万历史7因子-Ridge,2026-07-08
300685.SZ,艾德生物,IVD/体外诊断,20,31.93548387096774,34.516129032258064,动态申万历史7因子-Ridge,2026-07-08
300702.SZ,天宇股份,CXO/CDMO,20,69.03225806451613,24.516129032258064,动态申万历史7因子-Ridge,2026-07-08
300705.SZ,九典制药,化学制药/创新药,20,34.193548387096776,7.096774193548387,动态申万历史7因子-Ridge,2026-07-08
300723.SZ,一品红,化学制药/创新药,20,10.32258064516129,77.41935483870968,动态申万历史7因子-Ridge,2026-07-08
300725.SZ,药石科技,CXO/CDMO,20,4.838709677419355,27.09677419354839,动态申万历史7因子-Ridge,2026-07-08
300759.SZ,康龙化成,CXO/CDMO,20,11.612903225806452,72.90322580645162,动态申万历史7因子-Ridge,2026-07-08
300760.SZ,迈瑞医疗,医疗设备,20,31.61290322580645,26.451612903225808,动态申万历史7因子-Ridge,2026-07-08
300765.SZ,石药创新,原料药,20,82.25806451612904,92.90322580645162,动态申万历史7因子-Ridge,2026-07-08
300832.SZ,新产业,IVD/体外诊断,20,15.161290322580644,56.774193548387096,动态申万历史7因子-Ridge,2026-07-08
300841.SZ,康华生物,疫苗,20,22.58064516129032,29.03225806451613,动态申万历史7因子-Ridge,2026-07-08
300888.SZ,稳健医疗,医疗器械其他,20,68.38709677419355,24.838709677419356,动态申万历史7因子-Ridge,2026-07-08
300896.SZ,爱美客,医美/美妆,20,13.548387096774196,64.51612903225806,动态申万历史7因子-Ridge,2026-07-08
301015.SZ,百洋医药,医药流通,20,76.45161290322581,65.80645161290323,动态申万历史7因子-Ridge,2026-07-08
301017.SZ,漱玉平民,零售药房,20,52.58064516129032,68.70967741935485,动态申万历史7因子-Ridge,2026-07-08
301047.SZ,义翘神州,CXO/CDMO,20,65.16129032258064,21.612903225806452,动态申万历史7因子-Ridge,2026-07-08
301080.SZ,百普赛斯,生物制品/创新药,20,3.225806451612903,69.35483870967742,动态申万历史7因子-Ridge,2026-07-08
301087.SZ,可孚医疗,医疗耗材,20,51.61290322580645,53.5483870967742,动态申万历史7因子-Ridge,2026-07-08
301093.SZ,华兰股份,医疗耗材,20,87.09677419354838,97.74193548387096,动态申万历史7因子-Ridge,2026-07-08
301096.SZ,百诚医药,CXO/CDMO,20,71.61290322580646,51.61290322580645,动态申万历史7因子-Ridge,2026-07-08
301188.SZ,力诺药包,医疗耗材,20,39.35483870967742,99.67741935483872,动态申万历史7因子-Ridge,2026-07-08
301201.SZ,诚达药业,CXO/CDMO,20,24.193548387096776,73.54838709677419,动态申万历史7因子-Ridge,2026-07-08
301207.SZ,华兰疫苗,疫苗,20,83.22580645161291,41.29032258064516,动态申万历史7因子-Ridge,2026-07-08
301211.SZ,亨迪药业,原料药,20,7.741935483870968,71.29032258064515,动态申万历史7因子-Ridge,2026-07-08
301230.SZ,泓博医药,CXO/CDMO,20,20.967741935483872,80.64516129032258,动态申万历史7因子-Ridge,2026-07-08
301235.SZ,华康洁净,医疗设备,20,33.5483870967742,98.70967741935483,动态申万历史7因子-Ridge,2026-07-08
301246.SZ,宏源药业,原料药,20,1.935483870967742,60.322580645161295,动态申万历史7因子-Ridge,2026-07-08
301263.SZ,泰恩康,医疗器械其他,20,41.935483870967744,58.387096774193544,动态申万历史7因子-Ridge,2026-07-08
301267.SZ,华厦眼科,医疗服务,20,85.16129032258064,2.903225806451613,动态申万历史7因子-Ridge,2026-07-08
301281.SZ,科源制药,原料药,20,20.0,91.61290322580645,动态申万历史7因子-Ridge,2026-07-08
301293.SZ,三博脑科,医疗服务,20,83.54838709677419,47.096774193548384,动态申万历史7因子-Ridge,2026-07-08
301301.SZ,川宁生物,原料药,20,27.419354838709676,6.129032258064516,动态申万历史7因子-Ridge,2026-07-08
301333.SZ,诺思格,CXO/CDMO,20,87.74193548387098,63.54838709677419,动态申万历史7因子-Ridge,2026-07-08
301363.SZ,美好医疗,医疗设备,20,6.774193548387098,83.22580645161291,动态申万历史7因子-Ridge,2026-07-08
301367.SZ,瑞迈特,医疗设备,20,23.225806451612904,83.54838709677419,动态申万历史7因子-Ridge,2026-07-08
301393.SZ,昊帆生物,生物制品/生物科技,20,3.5483870967741935,78.38709677419354,动态申万历史7因子-Ridge,2026-07-08
301408.SZ,华人健康,零售药房,20,9.35483870967742,82.58064516129032,动态申万历史7因子-Ridge,2026-07-08
301580.SZ,爱迪特,医疗耗材,20,4.193548387096775,96.45161290322581,动态申万历史7因子-Ridge,2026-07-08
301584.SZ,建发致新,医药流通,20,0.3225806451612903,79.35483870967742,动态申万历史7因子-Ridge,2026-07-08
301602.SZ,超研股份,医疗设备,20,53.87096774193548,26.129032258064516,动态申万历史7因子-Ridge,2026-07-08
600055.SH,万东医疗,互联网医疗/医疗IT,20,67.0967741935484,20.32258064516129,动态申万历史7因子-Ridge,2026-07-08
600056.SH,中国医药,医药流通,20,64.83870967741936,33.87096774193548,动态申万历史7因子-Ridge,2026-07-08
600062.SH,华润双鹤,化学制药/创新药,20,40.32258064516129,1.6129032258064515,动态申万历史7因子-Ridge,2026-07-08
600079.SH,ST人福,化学制药/创新药,20,59.67741935483871,0.967741935483871,动态申万历史7因子-Ridge,2026-07-08
600085.SH,同仁堂,中药,20,49.03225806451613,48.70967741935484,动态申万历史7因子-Ridge,2026-07-08
600129.SH,太极集团,中药,20,9.032258064516128,89.6774193548387,动态申万历史7因子-Ridge,2026-07-08
600161.SH,天坛生物,血制品,20,79.6774193548387,12.903225806451612,动态申万历史7因子-Ridge,2026-07-08
600196.SH,复星医药,生物制品/生物科技,20,34.83870967741935,6.451612903225806,动态申万历史7因子-Ridge,2026-07-08
600201.SH,生物股份,动保/兽药,20,47.41935483870968,49.03225806451613,动态申万历史7因子-Ridge,2026-07-08
600211.SH,西藏药业,生物制品/创新药,20,26.451612903225808,13.225806451612904,动态申万历史7因子-Ridge,2026-07-08
600216.SH,浙江医药,原料药,20,56.451612903225815,6.774193548387098,动态申万历史7因子-Ridge,2026-07-08
600252.SH,中恒集团,中药,20,56.12903225806451,57.41935483870968,动态申万历史7因子-Ridge,2026-07-08
600267.SH,海正药业,化学制药/创新药,20,19.032258064516128,22.58064516129032,动态申万历史7因子-Ridge,2026-07-08
600276.SH,恒瑞医药,生物制品/生物科技,20,23.548387096774192,30.0,动态申万历史7因子-Ridge,2026-07-08
600285.SH,羚锐制药,中药,20,22.903225806451612,34.193548387096776,动态申万历史7因子-Ridge,2026-07-08
600299.SH,安迪苏,营养品/维生素,20,96.4516129032258,62.25806451612903,动态申万历史7因子-Ridge,2026-07-08
600329.SH,达仁堂,中药,20,27.741935483870968,47.74193548387097,动态申万历史7因子-Ridge,2026-07-08
600332.SH,白云山,中药,20,39.03225806451613,27.419354838709676,动态申万历史7因子-Ridge,2026-07-08
600380.SH,健康元,化学制药/创新药,20,48.064516129032256,2.258064516129032,动态申万历史7因子-Ridge,2026-07-08
600420.SH,国药现代,化学制药/创新药,20,53.5483870967742,4.838709677419355,动态申万历史7因子-Ridge,2026-07-08
600422.SH,昆药集团,中药,20,70.0,56.12903225806451,动态申万历史7因子-Ridge,2026-07-08
600436.SH,片仔癀,中药,20,59.03225806451613,81.61290322580645,动态申万历史7因子-Ridge,2026-07-08
600488.SH,津药药业,原料药,20,98.38709677419357,95.80645161290322,动态申万历史7因子-Ridge,2026-07-08
600511.SH,国药股份,医药流通,20,45.16129032258064,14.838709677419354,动态申万历史7因子-Ridge,2026-07-08
600513.SH,联环药业,化学制药/仿制药,20,18.064516129032256,79.6774193548387,动态申万历史7因子-Ridge,2026-07-08
600518.SH,康美药业,中药,20,80.64516129032258,59.354838709677416,动态申万历史7因子-Ridge,2026-07-08
600521.SH,华海药业,化学制药/创新药,20,27.09677419354839,25.161290322580644,动态申万历史7因子-Ridge,2026-07-08
600529.SH,山东药玻,医疗耗材,20,9.67741935483871,4.516129032258064,动态申万历史7因子-Ridge,2026-07-08
600535.SH,天士力,中药,20,57.74193548387097,32.58064516129032,动态申万历史7因子-Ridge,2026-07-08
600557.SH,康缘药业,中药,20,34.516129032258064,61.61290322580645,动态申万历史7因子-Ridge,2026-07-08
600566.SH,济川药业,中药,20,84.83870967741936,55.16129032258065,动态申万历史7因子-Ridge,2026-07-08
600572.SH,康恩贝,中药,20,51.935483870967744,25.806451612903224,动态申万历史7因子-Ridge,2026-07-08
600587.SH,新华医疗,医疗设备,20,42.25806451612903,9.67741935483871,动态申万历史7因子-Ridge,2026-07-08
600645.SH,中源协和,IVD/体外诊断,20,91.29032258064515,48.064516129032256,动态申万历史7因子-Ridge,2026-07-08
600664.SH,哈药股份,化学制药/仿制药,20,37.41935483870968,81.93548387096774,动态申万历史7因子-Ridge,2026-07-08
600713.SH,南京医药,医药流通,20,63.2258064516129,31.93548387096774,动态申万历史7因子-Ridge,2026-07-08
600718.SH,东软集团,互联网医疗/医疗IT,20,13.225806451612904,36.774193548387096,动态申万历史7因子-Ridge,2026-07-08
600739.SH,辽宁成大,疫苗,20,39.67741935483871,11.612903225806452,动态申万历史7因子-Ridge,2026-07-08
600750.SH,华润江中,中药,20,93.87096774193547,50.0,动态申万历史7因子-Ridge,2026-07-08
600763.SH,通策医疗,医疗服务,20,60.0,4.193548387096775,动态申万历史7因子-Ridge,2026-07-08
600771.SH,广誉远,中药,20,71.93548387096774,51.935483870967744,动态申万历史7因子-Ridge,2026-07-08
600789.SH,鲁抗医药,化学制药/创新药,20,21.935483870967744,9.032258064516128,动态申万历史7因子-Ridge,2026-07-08
600812.SH,华北制药,化学制药/创新药,20,78.38709677419354,5.161290322580645,动态申万历史7因子-Ridge,2026-07-08
600829.SH,人民同泰,医药流通,20,90.0,73.22580645161291,动态申万历史7因子-Ridge,2026-07-08
600851.SH,海欣股份,化学制药/仿制药,20,36.774193548387096,62.58064516129033,动态申万历史7因子-Ridge,2026-07-08
600867.SH,通化东宝,生物制品/创新药,20,76.12903225806451,36.45161290322581,动态申万历史7因子-Ridge,2026-07-08
600993.SH,马应龙,中药,20,30.64516129032258,28.387096774193548,动态申万历史7因子-Ridge,2026-07-08
600998.SH,九州通,医药流通,20,66.12903225806451,28.70967741935484,动态申万历史7因子-Ridge,2026-07-08
601089.SH,福元医药,化学制药/创新药,20,65.80645161290323,13.548387096774196,动态申万历史7因子-Ridge,2026-07-08
601515.SH,衢州东峰,医疗包装/其他,20,51.29032258064517,62.903225806451616,动态申万历史7因子-Ridge,2026-07-08
601607.SH,上海医药,医药流通,20,52.25806451612903,20.0,动态申万历史7因子-Ridge,2026-07-08
603014.SH,威高血净,医疗耗材,20,7.419354838709677,45.16129032258064,动态申万历史7因子-Ridge,2026-07-08
603087.SH,甘李药业,生物制品/创新药,20,40.64516129032258,58.06451612903226,动态申万历史7因子-Ridge,2026-07-08
603108.SH,润达医疗,医药流通,20,16.7741935483871,70.64516129032258,动态申万历史7因子-Ridge,2026-07-08
603127.SH,昭衍新药,CXO/CDMO,20,5.806451612903226,82.25806451612904,动态申万历史7因子-Ridge,2026-07-08
603222.SH,济民健康,医疗耗材,20,38.064516129032256,93.87096774193549,动态申万历史7因子-Ridge,2026-07-08
603229.SH,奥翔药业,原料药,20,81.29032258064515,17.741935483870968,动态申万历史7因子-Ridge,2026-07-08
603233.SH,大参林,零售药房,20,50.32258064516129,59.67741935483871,动态申万历史7因子-Ridge,2026-07-08
603259.SH,药明康德,CXO/CDMO,20,19.35483870967742,38.387096774193544,动态申万历史7因子-Ridge,2026-07-08
603301.SH,振德医疗,医疗耗材,20,97.41935483870968,46.45161290322581,动态申万历史7因子-Ridge,2026-07-08
603367.SH,辰欣药业,化学制药/创新药,20,28.064516129032256,19.032258064516128,动态申万历史7因子-Ridge,2026-07-08
603368.SH,柳药集团,医药流通,20,40.96774193548387,14.516129032258066,动态申万历史7因子-Ridge,2026-07-08
603392.SH,万泰生物,IVD/体外诊断,20,70.3225806451613,35.16129032258065,动态申万历史7因子-Ridge,2026-07-08
603456.SH,九洲药业,CXO/CDMO,20,66.45161290322581,20.64516129032258,动态申万历史7因子-Ridge,2026-07-08
603538.SH,美诺华,原料药,20,100.0,97.41935483870968,动态申万历史7因子-Ridge,2026-07-08
603590.SH,康辰药业,生物制品/生物科技,20,32.903225806451616,57.74193548387097,动态申万历史7因子-Ridge,2026-07-08
603658.SH,安图生物,IVD/体外诊断,20,41.29032258064516,11.935483870967742,动态申万历史7因子-Ridge,2026-07-08
603669.SH,灵康药业,化学制药/仿制药,20,4.516129032258064,79.03225806451613,动态申万历史7因子-Ridge,2026-07-08
603707.SH,健友股份,生物制品/生物科技,20,80.3225806451613,7.419354838709677,动态申万历史7因子-Ridge,2026-07-08
603858.SH,步长制药,中药,20,75.80645161290323,40.0,动态申万历史7因子-Ridge,2026-07-08
603882.SH,金域医学,医疗服务,20,56.774193548387096,13.870967741935484,动态申万历史7因子-Ridge,2026-07-08
603883.SH,老百姓,零售药房,20,55.80645161290323,32.25806451612903,动态申万历史7因子-Ridge,2026-07-08
603939.SH,益丰药房,零售药房,20,82.58064516129032,60.967741935483865,动态申万历史7因子-Ridge,2026-07-08
605116.SH,奥锐特,原料药,20,64.51612903225806,21.29032258064516,动态申万历史7因子-Ridge,2026-07-08
605507.SH,国邦医药,原料药,20,59.354838709677416,12.580645161290322,动态申万历史7因子-Ridge,2026-07-08
688016.SH,心脉医疗,医疗耗材,20,43.225806451612904,17.096774193548388,动态申万历史7因子-Ridge,2026-07-08
688029.SH,南微医学,医疗耗材,20,31.290322580645164,42.25806451612903,动态申万历史7因子-Ridge,2026-07-08
688046.SH,药康生物,CXO/CDMO,20,81.93548387096774,89.35483870967742,动态申万历史7因子-Ridge,2026-07-08
688050.SH,爱博医疗,医疗耗材,20,8.38709677419355,30.64516129032258,动态申万历史7因子-Ridge,2026-07-08
688062.SH,迈威生物,生物制品/创新药,20,19.67741935483871,75.16129032258064,动态申万历史7因子-Ridge,2026-07-08
688068.SH,热景生物,IVD/体外诊断,20,6.451612903225806,98.06451612903226,动态申万历史7因子-Ridge,2026-07-08
688076.SH,ST诺泰,CXO/CDMO,20,50.645161290322584,8.064516129032258,动态申万历史7因子-Ridge,2026-07-08
688091.SH,上海谊众,生物制品/生物科技,20,88.70967741935483,66.45161290322581,动态申万历史7因子-Ridge,2026-07-08
688105.SH,诺唯赞,医疗器械其他,20,10.64516129032258,76.77419354838709,动态申万历史7因子-Ridge,2026-07-08
688108.SH,赛诺医疗,医疗耗材,20,32.25806451612903,72.58064516129032,动态申万历史7因子-Ridge,2026-07-08
688114.SH,华大智造,医疗设备,20,5.161290322580645,67.41935483870968,动态申万历史7因子-Ridge,2026-07-08
688117.SH,圣诺生物,CXO/CDMO,20,12.258064516129032,54.83870967741935,动态申万历史7因子-Ridge,2026-07-08
688131.SH,皓元医药,CXO/CDMO,20,67.41935483870968,63.2258064516129,动态申万历史7因子-Ridge,2026-07-08
688139.SH,海尔生物,互联网医疗/医疗IT,20,81.61290322580645,21.935483870967744,动态申万历史7因子-Ridge,2026-07-08
688151.SH,华强科技,医疗耗材,20,89.35483870967742,57.096774193548384,动态申万历史7因子-Ridge,2026-07-08
688161.SH,威高骨科,医疗耗材,20,85.80645161290322,29.354838709677416,动态申万历史7因子-Ridge,2026-07-08
688166.SH,博瑞医药,原料药,20,94.51612903225806,94.51612903225806,动态申万历史7因子-Ridge,2026-07-08
688176.SH,亚虹医药,化学制药/创新药,20,35.80645161290323,87.74193548387098,动态申万历史7因子-Ridge,2026-07-08
688177.SH,百奥泰,生物制品/创新药,20,91.93548387096774,54.516129032258064,动态申万历史7因子-Ridge,2026-07-08
688180.SH,君实生物,生物制品/创新药,20,53.2258064516129,75.80645161290323,动态申万历史7因子-Ridge,2026-07-08
688185.SH,康希诺,疫苗,20,68.06451612903226,50.967741935483865,动态申万历史7因子-Ridge,2026-07-08
688192.SH,迪哲医药,生物制品/创新药,20,86.12903225806451,94.19354838709677,动态申万历史7因子-Ridge,2026-07-08
688197.SH,首药控股,化学制药/创新药,20,23.870967741935484,85.80645161290322,动态申万历史7因子-Ridge,2026-07-08
688198.SH,佰仁医疗,医疗耗材,20,52.903225806451616,55.483870967741936,动态申万历史7因子-Ridge,2026-07-08
688202.SH,美迪西,CXO/CDMO,20,6.129032258064516,90.64516129032259,动态申万历史7因子-Ridge,2026-07-08
688221.SH,前沿生物,生物制品/创新药,20,0.967741935483871,91.29032258064517,动态申万历史7因子-Ridge,2026-07-08
688222.SH,成都先导,CXO/CDMO,20,3.870967741935484,82.9032258064516,动态申万历史7因子-Ridge,2026-07-08
688235.SH,百济神州,生物制品/创新药,20,0.6451612903225806,58.70967741935483,动态申万历史7因子-Ridge,2026-07-08
688236.SH,春立医疗,医疗耗材,20,79.03225806451613,37.41935483870968,动态申万历史7因子-Ridge,2026-07-08
688253.SH,英诺特,IVD/体外诊断,20,90.96774193548389,71.93548387096774,动态申万历史7因子-Ridge,2026-07-08
688266.SH,泽璟制药,生物制品/创新药,20,75.48387096774194,90.96774193548387,动态申万历史7因子-Ridge,2026-07-08
688271.SH,联影医疗,医疗设备,20,25.483870967741932,41.935483870967744,动态申万历史7因子-Ridge,2026-07-08
688276.SH,百克生物,疫苗,20,67.74193548387096,17.419354838709676,动态申万历史7因子-Ridge,2026-07-08
688277.SH,天智航,医疗设备,20,95.80645161290322,56.451612903225815,动态申万历史7因子-Ridge,2026-07-08
688278.SH,特宝生物,生物制品/创新药,20,58.06451612903226,43.54838709677419,动态申万历史7因子-Ridge,2026-07-08
688289.SH,圣湘生物,IVD/体外诊断,20,33.225806451612904,23.548387096774192,动态申万历史7因子-Ridge,2026-07-08
688293.SH,奥浦迈,CXO/CDMO,20,78.06451612903226,84.83870967741936,动态申万历史7因子-Ridge,2026-07-08
688301.SH,奕瑞科技,医疗设备,20,43.54838709677419,88.70967741935483,动态申万历史7因子-Ridge,2026-07-08
688315.SH,诺禾致源,CXO/CDMO,20,89.03225806451613,18.064516129032256,动态申万历史7因子-Ridge,2026-07-08
688319.SH,欧林生物,疫苗,20,92.90322580645162,99.35483870967742,动态申万历史7因子-Ridge,2026-07-08
688321.SH,微芯生物,生物制品/生物科技,20,29.03225806451613,52.903225806451616,动态申万历史7因子-Ridge,2026-07-08
688331.SH,荣昌生物,生物制品/创新药,20,92.25806451612904,91.93548387096774,动态申万历史7因子-Ridge,2026-07-08
688336.SH,三生国健,生物制品/创新药,20,99.35483870967742,96.12903225806451,动态申万历史7因子-Ridge,2026-07-08
688351.SH,微电生理,医疗耗材,20,60.322580645161295,51.29032258064517,动态申万历史7因子-Ridge,2026-07-08
688363.SH,华熙生物,医美/美妆,20,73.22580645161291,45.806451612903224,动态申万历史7因子-Ridge,2026-07-08
688366.SH,昊海生科,医美/美妆,20,76.77419354838709,26.7741935483871,动态申万历史7因子-Ridge,2026-07-08
688382.SH,益方生物,生物制品/创新药,20,21.29032258064516,95.16129032258065,动态申万历史7因子-Ridge,2026-07-08
688410.SH,山外山,医疗设备,20,58.70967741935483,45.483870967741936,动态申万历史7因子-Ridge,2026-07-08
688428.SH,诺诚健华,生物制品/创新药,20,38.387096774193544,70.3225806451613,动态申万历史7因子-Ridge,2026-07-08
688443.SH,智翔金泰,生物制品/创新药,20,41.612903225806456,63.87096774193548,动态申万历史7因子-Ridge,2026-07-08
688488.SH,艾迪药业,生物制品/创新药,20,90.32258064516128,85.16129032258064,动态申万历史7因子-Ridge,2026-07-08
688505.SH,复旦张江,化学制药/创新药,20,46.12903225806452,11.29032258064516,动态申万历史7因子-Ridge,2026-07-08
688506.SH,百利天恒,生物制品/生物科技,20,94.19354838709675,86.12903225806451,动态申万历史7因子-Ridge,2026-07-08
688513.SH,苑东生物,生物制品/生物科技,20,84.19354838709677,87.41935483870968,动态申万历史7因子-Ridge,2026-07-08
688520.SH,神州细胞,生物制品/创新药,20,88.38709677419355,66.12903225806451,动态申万历史7因子-Ridge,2026-07-08
688553.SH,汇宇制药,生物制品/生物科技,20,15.806451612903224,80.3225806451613,动态申万历史7因子-Ridge,2026-07-08
688566.SH,吉贝尔,化学制药/创新药,20,63.54838709677419,18.387096774193548,动态申万历史7因子-Ridge,2026-07-08
688575.SH,亚辉龙,IVD/体外诊断,20,78.70967741935485,15.483870967741936,动态申万历史7因子-Ridge,2026-07-08
688578.SH,艾力斯,生物制品/生物科技,20,37.096774193548384,81.29032258064515,动态申万历史7因子-Ridge,2026-07-08
688580.SH,伟思医疗,医疗设备,20,73.54838709677419,65.16129032258064,动态申万历史7因子-Ridge,2026-07-08
688617.SH,惠泰医疗,医疗耗材,20,71.29032258064515,60.0,动态申万历史7因子-Ridge,2026-07-08
688621.SH,阳光诺和,CXO/CDMO,20,36.12903225806451,61.29032258064516,动态申万历史7因子-Ridge,2026-07-08
688626.SH,翔宇医疗,医疗设备,20,93.2258064516129,65.48387096774194,动态申万历史7因子-Ridge,2026-07-08
688656.SH,浩欧博,IVD/体外诊断,20,96.7741935483871,69.03225806451613,动态申万历史7因子-Ridge,2026-07-08
688658.SH,悦康药业,化学制药/创新药,20,44.83870967741935,54.19354838709678,动态申万历史7因子-Ridge,2026-07-08
688677.SH,海泰新光,医疗设备,20,69.6774193548387,92.25806451612904,动态申万历史7因子-Ridge,2026-07-08
688690.SH,纳微科技,CXO/CDMO,20,86.7741935483871,71.61290322580646,动态申万历史7因子-Ridge,2026-07-08
688710.SH,益诺思,CXO/CDMO,20,35.16129032258065,90.32258064516128,动态申万历史7因子-Ridge,2026-07-08
688712.SH,北芯生命,医疗耗材,20,8.709677419354838,68.06451612903226,动态申万历史7因子-Ridge,2026-07-08
688739.SH,成大生物,疫苗,20,61.935483870967744,5.806451612903226,动态申万历史7因子-Ridge,2026-07-08
688758.SH,赛分科技,生物制品/生物科技,20,25.161290322580644,74.83870967741936,动态申万历史7因子-Ridge,2026-07-08
688759.SH,必贝特,生物制品/创新药,20,5.483870967741936,68.38709677419355,动态申万历史7因子-Ridge,2026-07-08
688765.SH,禾元生物,血制品,20,2.258064516129032,74.51612903225806,动态申万历史7因子-Ridge,2026-07-08
688767.SH,博拓生物,IVD/体外诊断,20,42.58064516129032,84.19354838709677,动态申万历史7因子-Ridge,2026-07-08
688796.SH,百奥赛图,CXO/CDMO,20,72.90322580645162,99.03225806451613,动态申万历史7因子-Ridge,2026-07-08
688799.SH,华纳药厂,化学制药/仿制药,20,98.06451612903226,86.7741935483871,动态申万历史7因子-Ridge,2026-07-08
688805.SH,健信超导,医疗设备,20,60.64516129032258,69.6774193548387,动态申万历史7因子-Ridge,2026-07-08
920047.BJ,诺思兰德,生物制品/生物科技,20,61.61290322580645,93.54838709677419,动态申万历史7因子-Ridge,2026-07-08
920982.BJ,锦波生物,医疗器械其他,20,48.38709677419355,85.48387096774194,动态申万历史7因子-Ridge,2026-07-08
000028.SZ,国药一致,医药流通,60,88.06451612903226,28.70967741935484,基础回撤模型,2026-06-09
000078.SZ,ST海王,医药流通,60,13.548387096774196,99.67741935483872,基础回撤模型,2026-06-09
000403.SZ,派林生物,血制品,60,86.45161290322581,65.16129032258064,基础回撤模型,2026-06-09
000411.SZ,英特集团,医药流通,60,38.387096774193544,54.19354838709678,基础回撤模型,2026-06-09
000423.SZ,东阿阿胶,中药,60,58.70967741935483,32.25806451612903,基础回撤模型,2026-06-09
000513.SZ,丽珠集团,生物制品/生物科技,60,60.967741935483865,10.64516129032258,基础回撤模型,2026-06-09
000516.SZ,国际医学,医疗服务,60,50.967741935483865,12.903225806451612,基础回撤模型,2026-06-09
000534.SZ,万泽股份,生物制品/创新药,60,95.48387096774194,62.903225806451616,基础回撤模型,2026-06-09
000538.SZ,云南白药,中药,60,37.74193548387097,12.580645161290322,基础回撤模型,2026-06-09
000566.SZ,海南海药,化学制药/仿制药,60,44.193548387096776,94.51612903225806,基础回撤模型,2026-06-09
000597.SZ,东北制药,化学制药/仿制药,60,85.48387096774194,0.967741935483871,基础回撤模型,2026-06-09
000623.SZ,吉林敖东,中药,60,40.96774193548387,48.70967741935484,基础回撤模型,2026-06-09
000650.SZ,仁和药业,中药,60,43.54838709677419,18.70967741935484,基础回撤模型,2026-06-09
000661.SZ,长春高新,生物制品/创新药,60,47.41935483870968,8.064516129032258,基础回撤模型,2026-06-09
000739.SZ,普洛药业,CXO/CDMO,60,83.87096774193549,15.806451612903224,基础回撤模型,2026-06-09
000756.SZ,新华制药,原料药,60,11.612903225806452,50.0,基础回撤模型,2026-06-09
000766.SZ,通化金马,化学制药/创新药,60,76.12903225806451,75.80645161290323,基础回撤模型,2026-06-09
000813.SZ,德展健康,化学制药/创新药,60,26.451612903225808,53.87096774193548,基础回撤模型,2026-06-09
000908.SZ,石药景峰,化学制药/创新药,60,96.12903225806453,86.45161290322581,基础回撤模型,2026-06-09
000915.SZ,华特达因,化学制药/创新药,60,31.290322580645164,4.193548387096775,基础回撤模型,2026-06-09
000950.SZ,重药控股,医药流通,60,79.6774193548387,51.29032258064517,基础回撤模型,2026-06-09
000963.SZ,华东医药,化学制药/创新药,60,48.70967741935484,38.387096774193544,基础回撤模型,2026-06-09
000989.SZ,九芝堂,中药,60,8.38709677419355,75.16129032258064,基础回撤模型,2026-06-09
000999.SZ,华润三九,中药,60,51.935483870967744,34.516129032258064,基础回撤模型,2026-06-09
002001.SZ,新和成,营养品/维生素,60,39.67741935483871,61.61290322580645,基础回撤模型,2026-06-09
002004.SZ,华邦健康,化学制药/仿制药,60,74.51612903225806,0.6451612903225806,基础回撤模型,2026-06-09
002007.SZ,华兰生物,疫苗,60,41.935483870967744,16.7741935483871,基础回撤模型,2026-06-09
002019.SZ,亿帆医药,生物制品/生物科技,60,78.70967741935485,7.419354838709677,基础回撤模型,2026-06-09
002020.SZ,京新药业,化学制药/创新药,60,10.0,64.51612903225806,基础回撤模型,2026-06-09
002030.SZ,达安基因,IVD/体外诊断,60,65.80645161290323,60.322580645161295,基础回撤模型,2026-06-09
002038.SZ,双鹭药业,生物制品/生物科技,60,50.0,87.41935483870968,基础回撤模型,2026-06-09
002044.SZ,美年健康,医疗服务,60,19.032258064516128,66.45161290322581,基础回撤模型,2026-06-09
002065.SZ,东华软件,互联网医疗/医疗IT,60,27.741935483870968,32.903225806451616,基础回撤模型,2026-06-09
002082.SZ,ST万邦,中药,60,98.06451612903226,78.38709677419354,基础回撤模型,2026-06-09
002099.SZ,海翔药业,CXO/CDMO,60,92.25806451612904,6.129032258064516,基础回撤模型,2026-06-09
002102.SZ,ST能特,原料药,60,42.90322580645161,9.35483870967742,基础回撤模型,2026-06-09
002173.SZ,创新医疗,医疗服务,60,38.064516129032256,92.90322580645162,基础回撤模型,2026-06-09
002219.SZ,新里程,医疗服务,60,51.29032258064517,38.064516129032256,基础回撤模型,2026-06-09
002223.SZ,鱼跃医疗,互联网医疗/医疗IT,60,14.516129032258066,18.064516129032256,基础回撤模型,2026-06-09
002250.SZ,联化科技,CXO/CDMO,60,94.51612903225806,50.645161290322584,基础回撤模型,2026-06-09
002252.SZ,上海莱士,血制品,60,69.6774193548387,24.516129032258064,基础回撤模型,2026-06-09
002262.SZ,恩华药业,化学制药/创新药,60,23.225806451612904,11.612903225806452,基础回撤模型,2026-06-09
002275.SZ,桂林三金,中药,60,69.03225806451613,25.483870967741932,基础回撤模型,2026-06-09
002287.SZ,奇正藏药,中药,60,72.58064516129032,33.87096774193548,基础回撤模型,2026-06-09
002294.SZ,信立泰,化学制药/创新药,60,83.54838709677419,81.29032258064515,基础回撤模型,2026-06-09
002317.SZ,众生药业,中药,60,0.3225806451612903,97.74193548387096,基础回撤模型,2026-06-09
002332.SZ,仙琚制药,原料药,60,22.903225806451612,0.3225806451612903,基础回撤模型,2026-06-09
002349.SZ,精华制药,中药,60,50.645161290322584,34.83870967741935,基础回撤模型,2026-06-09
002382.SZ,蓝帆医疗,医疗耗材,60,98.38709677419357,47.096774193548384,基础回撤模型,2026-06-09
002390.SZ,信邦制药,中药,60,89.6774193548387,33.225806451612904,基础回撤模型,2026-06-09
002399.SZ,海普瑞,CXO/CDMO,60,91.61290322580643,2.903225806451613,基础回撤模型,2026-06-09
002422.SZ,科伦药业,化学制药/创新药,60,75.80645161290323,81.61290322580645,基础回撤模型,2026-06-09
002424.SZ,ST百灵,中药,60,90.96774193548389,37.74193548387097,基础回撤模型,2026-06-09
002432.SZ,九安医疗,互联网医疗/医疗IT,60,99.03225806451611,99.35483870967742,基础回撤模型,2026-06-09
002437.SZ,誉衡药业,化学制药/仿制药,60,19.35483870967742,23.870967741935484,基础回撤模型,2026-06-09
002550.SZ,千红制药,生物制品/创新药,60,26.7741935483871,29.677419354838708,基础回撤模型,2026-06-09
002603.SZ,以岭药业,生物制品/生物科技,60,29.03225806451613,17.096774193548388,基础回撤模型,2026-06-09
002626.SZ,金达威,医疗健康其他,60,46.774193548387096,56.451612903225815,基础回撤模型,2026-06-09
002653.SZ,海思科,化学制药/创新药,60,96.4516129032258,90.32258064516128,基础回撤模型,2026-06-09
002675.SZ,东诚药业,生物制品/生物科技,60,53.5483870967742,1.2903225806451613,基础回撤模型,2026-06-09
002727.SZ,一心堂,零售药房,60,80.0,36.774193548387096,基础回撤模型,2026-06-09
002728.SZ,特一药业,中药,60,4.193548387096775,87.09677419354838,基础回撤模型,2026-06-09
002737.SZ,葵花药业,中药,60,27.419354838709676,45.806451612903224,基础回撤模型,2026-06-09
002755.SZ,奥赛康,化学制药/创新药,60,66.45161290322581,57.74193548387097,基础回撤模型,2026-06-09
002773.SZ,康弘药业,生物制品/创新药,60,35.483870967741936,12.258064516129032,基础回撤模型,2026-06-09
002793.SZ,罗欣药业,化学制药/仿制药,60,30.967741935483872,40.0,基础回撤模型,2026-06-09
002821.SZ,凯莱英,CXO/CDMO,60,65.48387096774194,77.74193548387098,基础回撤模型,2026-06-09
002901.SZ,大博医疗,医疗耗材,60,23.548387096774192,19.032258064516128,基础回撤模型,2026-06-09
002907.SZ,华森制药,中药,60,36.774193548387096,78.70967741935485,基础回撤模型,2026-06-09
002940.SZ,昂利康,化学制药/仿制药,60,34.193548387096776,80.3225806451613,基础回撤模型,2026-06-09
002950.SZ,奥美医疗,医疗耗材,60,89.35483870967742,45.483870967741936,基础回撤模型,2026-06-09
300003.SZ,乐普医疗,互联网医疗/医疗IT,60,62.903225806451616,64.19354838709678,基础回撤模型,2026-06-09
300006.SZ,莱美药业,化学制药/创新药,60,93.87096774193547,51.935483870967744,基础回撤模型,2026-06-09
300009.SZ,安科生物,生物制品/创新药,60,30.0,3.225806451612903,基础回撤模型,2026-06-09
300015.SZ,爱尔眼科,医疗服务,60,52.903225806451616,40.96774193548387,基础回撤模型,2026-06-09
300026.SZ,红日药业,中药,60,64.19354838709678,41.612903225806456,基础回撤模型,2026-06-09
300039.SZ,上海凯宝,中药,60,34.83870967741935,91.61290322580643,基础回撤模型,2026-06-09
300049.SZ,福瑞医科,医疗设备,60,12.580645161290322,74.19354838709677,基础回撤模型,2026-06-09
300109.SZ,新开源,医疗器械其他,60,67.74193548387096,20.967741935483872,基础回撤模型,2026-06-09
300119.SZ,瑞普生物,动保/兽药,60,60.64516129032258,46.45161290322581,基础回撤模型,2026-06-09
300122.SZ,智飞生物,疫苗,60,36.45161290322581,57.096774193548384,基础回撤模型,2026-06-09
300142.SZ,沃森生物,疫苗,60,3.225806451612903,78.06451612903226,基础回撤模型,2026-06-09
300143.SZ,盈康生命,医疗服务,60,94.83870967741936,42.90322580645161,基础回撤模型,2026-06-09
300146.SZ,汤臣倍健,营养品/维生素,60,7.419354838709677,41.29032258064516,基础回撤模型,2026-06-09
300158.SZ,振东制药,中药,60,83.22580645161291,67.0967741935484,基础回撤模型,2026-06-09
300171.SZ,东富龙,医疗设备,60,64.51612903225806,22.258064516129032,基础回撤模型,2026-06-09
300181.SZ,佐力药业,中药,60,9.032258064516128,70.64516129032258,基础回撤模型,2026-06-09
300199.SZ,翰宇药业,化学制药/创新药,60,10.64516129032258,91.93548387096774,基础回撤模型,2026-06-09
300204.SZ,舒泰神,生物制品/创新药,60,40.64516129032258,92.58064516129032,基础回撤模型,2026-06-09
300206.SZ,理邦仪器,医疗设备,60,59.354838709677416,24.193548387096776,基础回撤模型,2026-06-09
300233.SZ,金城医药,生物制品/生物科技,60,38.70967741935484,17.419354838709676,基础回撤模型,2026-06-09
300244.SZ,迪安诊断,医疗服务,60,1.6129032258064515,90.96774193548389,基础回撤模型,2026-06-09
300253.SZ,卫宁健康,互联网医疗/医疗IT,60,8.709677419354838,59.354838709677416,基础回撤模型,2026-06-09
300255.SZ,常山药业,生物制品/创新药,60,46.12903225806452,95.80645161290322,基础回撤模型,2026-06-09
300267.SZ,尔康制药,原料药,60,60.322580645161295,31.290322580645164,基础回撤模型,2026-06-09
300294.SZ,博雅生物,血制品,60,75.16129032258064,36.12903225806451,基础回撤模型,2026-06-09
300298.SZ,三诺生物,医疗设备,60,33.87096774193548,5.161290322580645,基础回撤模型,2026-06-09
300341.SZ,麦克奥迪,医疗设备,60,63.54838709677419,22.903225806451612,基础回撤模型,2026-06-09
300347.SZ,泰格医药,CXO/CDMO,60,56.12903225806451,55.16129032258065,基础回撤模型,2026-06-09
300357.SZ,我武生物,生物制品/创新药,60,29.354838709677416,21.29032258064516,基础回撤模型,2026-06-09
300358.SZ,楚天科技,医疗设备,60,36.12903225806451,25.806451612903224,基础回撤模型,2026-06-09
300363.SZ,博腾股份,CXO/CDMO,60,8.064516129032258,72.58064516129032,基础回撤模型,2026-06-09
300401.SZ,花园生物,原料药,60,12.258064516129032,90.6451612903226,基础回撤模型,2026-06-09
300406.SZ,九强生物,IVD/体外诊断,60,20.967741935483872,20.32258064516129,基础回撤模型,2026-06-09
300436.SZ,广生堂,化学制药/创新药,60,24.516129032258064,95.16129032258064,基础回撤模型,2026-06-09
300451.SZ,创业慧康,互联网医疗/医疗IT,60,21.935483870967744,36.45161290322581,基础回撤模型,2026-06-09
300463.SZ,迈克生物,IVD/体外诊断,60,45.806451612903224,10.0,基础回撤模型,2026-06-09
300482.SZ,万孚生物,IVD/体外诊断,60,13.225806451612904,69.03225806451613,基础回撤模型,2026-06-09
300497.SZ,富祥股份,原料药,60,10.32258064516129,67.74193548387096,基础回撤模型,2026-06-09
300529.SZ,健帆生物,医疗耗材,60,28.064516129032256,15.161290322580644,基础回撤模型,2026-06-09
300558.SZ,贝达药业,生物制品/生物科技,60,9.67741935483871,81.93548387096774,基础回撤模型,2026-06-09
300573.SZ,兴齐眼药,化学制药/创新药,60,7.741935483870968,35.16129032258065,基础回撤模型,2026-06-09
300595.SZ,欧普康视,医疗耗材,60,32.58064516129032,14.516129032258066,基础回撤模型,2026-06-09
300601.SZ,康泰生物,疫苗,60,37.41935483870968,41.935483870967744,基础回撤模型,2026-06-09
300633.SZ,开立医疗,医疗设备,60,56.451612903225815,10.967741935483872,基础回撤模型,2026-06-09
300676.SZ,华大基因,医疗服务,60,31.61290322580645,39.35483870967742,基础回撤模型,2026-06-09
300677.SZ,英科医疗,医疗耗材,60,73.22580645161291,56.12903225806451,基础回撤模型,2026-06-09
300685.SZ,艾德生物,IVD/体外诊断,60,21.29032258064516,54.516129032258064,基础回撤模型,2026-06-09
300702.SZ,天宇股份,CXO/CDMO,60,71.93548387096774,15.483870967741936,基础回撤模型,2026-06-09
300705.SZ,九典制药,化学制药/创新药,60,22.58064516129032,21.935483870967744,基础回撤模型,2026-06-09
300723.SZ,一品红,化学制药/创新药,60,18.70967741935484,94.83870967741936,基础回撤模型,2026-06-09
300725.SZ,药石科技,CXO/CDMO,60,4.516129032258064,29.354838709677416,基础回撤模型,2026-06-09
300759.SZ,康龙化成,CXO/CDMO,60,6.774193548387098,49.03225806451613,基础回撤模型,2026-06-09
300760.SZ,迈瑞医疗,医疗设备,60,25.161290322580644,10.32258064516129,基础回撤模型,2026-06-09
300765.SZ,石药创新,原料药,60,87.09677419354838,84.19354838709677,基础回撤模型,2026-06-09
300832.SZ,新产业,IVD/体外诊断,60,10.967741935483872,40.32258064516129,基础回撤模型,2026-06-09
300841.SZ,康华生物,疫苗,60,18.387096774193548,45.16129032258064,基础回撤模型,2026-06-09
300888.SZ,稳健医疗,医疗器械其他,60,55.483870967741936,9.032258064516128,基础回撤模型,2026-06-09
300896.SZ,爱美客,医美/美妆,60,14.838709677419354,60.64516129032258,基础回撤模型,2026-06-09
301015.SZ,百洋医药,医药流通,60,54.83870967741935,59.03225806451613,基础回撤模型,2026-06-09
301017.SZ,漱玉平民,零售药房,60,43.225806451612904,68.38709677419355,基础回撤模型,2026-06-09
301047.SZ,义翘神州,CXO/CDMO,60,74.83870967741936,4.516129032258064,基础回撤模型,2026-06-09
301080.SZ,百普赛斯,生物制品/创新药,60,2.5806451612903225,37.096774193548384,基础回撤模型,2026-06-09
301087.SZ,可孚医疗,医疗耗材,60,72.90322580645162,46.774193548387096,基础回撤模型,2026-06-09
301093.SZ,华兰股份,医疗耗材,60,84.19354838709677,93.5483870967742,基础回撤模型,2026-06-09
301096.SZ,百诚医药,CXO/CDMO,60,77.09677419354838,69.6774193548387,基础回撤模型,2026-06-09
301188.SZ,力诺药包,医疗耗材,60,17.419354838709676,98.70967741935485,基础回撤模型,2026-06-09
301201.SZ,诚达药业,CXO/CDMO,60,16.451612903225808,73.22580645161291,基础回撤模型,2026-06-09
301207.SZ,华兰疫苗,疫苗,60,79.35483870967742,55.80645161290323,基础回撤模型,2026-06-09
301211.SZ,亨迪药业,原料药,60,19.67741935483871,86.12903225806451,基础回撤模型,2026-06-09
301230.SZ,泓博医药,CXO/CDMO,60,16.129032258064516,83.54838709677419,基础回撤模型,2026-06-09
301235.SZ,华康洁净,医疗设备,60,14.193548387096774,95.48387096774194,基础回撤模型,2026-06-09
301246.SZ,宏源药业,原料药,60,2.903225806451613,48.38709677419355,基础回撤模型,2026-06-09
301263.SZ,泰恩康,医疗器械其他,60,63.2258064516129,80.96774193548387,基础回撤模型,2026-06-09
301267.SZ,华厦眼科,医疗服务,60,86.12903225806451,32.58064516129032,基础回撤模型,2026-06-09
301281.SZ,科源制药,原料药,60,33.225806451612904,88.70967741935483,基础回撤模型,2026-06-09
301293.SZ,三博脑科,医疗服务,60,62.58064516129033,72.25806451612902,基础回撤模型,2026-06-09
301301.SZ,川宁生物,原料药,60,17.741935483870968,2.258064516129032,基础回撤模型,2026-06-09
301333.SZ,诺思格,CXO/CDMO,60,82.9032258064516,57.41935483870968,基础回撤模型,2026-06-09
301363.SZ,美好医疗,医疗设备,60,15.483870967741936,88.38709677419355,基础回撤模型,2026-06-09
301367.SZ,瑞迈特,医疗设备,60,72.25806451612902,80.64516129032258,基础回撤模型,2026-06-09
301393.SZ,昊帆生物,生物制品/生物科技,60,2.258064516129032,69.35483870967742,基础回撤模型,2026-06-09
301408.SZ,华人健康,零售药房,60,7.096774193548387,79.03225806451613,基础回撤模型,2026-06-09
301580.SZ,爱迪特,医疗耗材,60,6.451612903225806,98.06451612903226,基础回撤模型,2026-06-09
301584.SZ,建发致新,医药流通,60,0.967741935483871,80.0,基础回撤模型,2026-06-09
301602.SZ,超研股份,医疗设备,60,58.387096774193544,18.387096774193548,基础回撤模型,2026-06-09
600055.SH,万东医疗,互联网医疗/医疗IT,60,65.16129032258064,34.193548387096776,基础回撤模型,2026-06-09
600056.SH,中国医药,医药流通,60,70.96774193548387,29.03225806451613,基础回撤模型,2026-06-09
600062.SH,华润双鹤,化学制药/创新药,60,49.354838709677416,7.741935483870968,基础回撤模型,2026-06-09
600079.SH,ST人福,化学制药/创新药,60,52.58064516129032,1.935483870967742,基础回撤模型,2026-06-09
600085.SH,同仁堂,中药,60,56.774193548387096,43.87096774193549,基础回撤模型,2026-06-09
600129.SH,太极集团,中药,60,4.838709677419355,89.35483870967742,基础回撤模型,2026-06-09
600161.SH,天坛生物,血制品,60,58.06451612903226,24.838709677419356,基础回撤模型,2026-06-09
600196.SH,复星医药,生物制品/生物科技,60,35.16129032258065,8.38709677419355,基础回撤模型,2026-06-09
600201.SH,生物股份,动保/兽药,60,37.096774193548384,65.80645161290323,基础回撤模型,2026-06-09
600211.SH,西藏药业,生物制品/创新药,60,28.70967741935484,1.6129032258064515,基础回撤模型,2026-06-09
600216.SH,浙江医药,原料药,60,53.87096774193548,2.5806451612903225,基础回撤模型,2026-06-09
600252.SH,中恒集团,中药,60,69.35483870967742,63.87096774193548,基础回撤模型,2026-06-09
600267.SH,海正药业,化学制药/创新药,60,32.903225806451616,42.25806451612903,基础回撤模型,2026-06-09
600276.SH,恒瑞医药,生物制品/生物科技,60,24.838709677419356,28.387096774193548,基础回撤模型,2026-06-09
600285.SH,羚锐制药,中药,60,16.7741935483871,27.741935483870968,基础回撤模型,2026-06-09
600299.SH,安迪苏,营养品/维生素,60,97.09677419354838,66.12903225806451,基础回撤模型,2026-06-09
600329.SH,达仁堂,中药,60,28.387096774193548,47.41935483870968,基础回撤模型,2026-06-09
600332.SH,白云山,中药,60,45.483870967741936,21.612903225806452,基础回撤模型,2026-06-09
600380.SH,健康元,化学制药/创新药,60,50.32258064516129,6.774193548387098,基础回撤模型,2026-06-09
600420.SH,国药现代,化学制药/创新药,60,77.41935483870968,13.870967741935484,基础回撤模型,2026-06-09
600422.SH,昆药集团,中药,60,76.45161290322581,62.25806451612903,基础回撤模型,2026-06-09
600436.SH,片仔癀,中药,60,73.54838709677419,76.45161290322581,基础回撤模型,2026-06-09
600488.SH,津药药业,原料药,60,93.5483870967742,97.41935483870968,基础回撤模型,2026-06-09
600511.SH,国药股份,医药流通,60,41.29032258064516,13.548387096774196,基础回撤模型,2026-06-09
600513.SH,联环药业,化学制药/仿制药,60,11.935483870967742,55.483870967741936,基础回撤模型,2026-06-09
600518.SH,康美药业,中药,60,71.29032258064515,58.387096774193544,基础回撤模型,2026-06-09
600521.SH,华海药业,化学制药/创新药,60,29.677419354838708,43.54838709677419,基础回撤模型,2026-06-09
600529.SH,山东药玻,医疗耗材,60,12.903225806451612,5.483870967741936,基础回撤模型,2026-06-09
600535.SH,天士力,中药,60,70.0,40.64516129032258,基础回撤模型,2026-06-09
600557.SH,康缘药业,中药,60,57.096774193548384,70.0,基础回撤模型,2026-06-09
600566.SH,济川药业,中药,60,84.83870967741936,60.0,基础回撤模型,2026-06-09
600572.SH,康恩贝,中药,60,41.612903225806456,16.129032258064516,基础回撤模型,2026-06-09
600587.SH,新华医疗,医疗设备,60,66.77419354838709,6.451612903225806,基础回撤模型,2026-06-09
600645.SH,中源协和,IVD/体外诊断,60,73.87096774193549,39.03225806451613,基础回撤模型,2026-06-09
600664.SH,哈药股份,化学制药/仿制药,60,42.58064516129032,67.41935483870968,基础回撤模型,2026-06-09
600713.SH,南京医药,医药流通,60,68.70967741935485,35.80645161290323,基础回撤模型,2026-06-09
600718.SH,东软集团,互联网医疗/医疗IT,60,34.516129032258064,43.225806451612904,基础回撤模型,2026-06-09
600739.SH,辽宁成大,疫苗,60,70.3225806451613,30.967741935483872,基础回撤模型,2026-06-09
600750.SH,华润江中,中药,60,91.93548387096774,53.2258064516129,基础回撤模型,2026-06-09
600763.SH,通策医疗,医疗服务,60,54.516129032258064,26.451612903225808,基础回撤模型,2026-06-09
600771.SH,广誉远,中药,60,57.41935483870968,51.61290322580645,基础回撤模型,2026-06-09
600789.SH,鲁抗医药,化学制药/创新药,60,39.03225806451613,30.0,基础回撤模型,2026-06-09
600812.SH,华北制药,化学制药/创新药,60,80.3225806451613,11.935483870967742,基础回撤模型,2026-06-09
600829.SH,人民同泰,医药流通,60,95.80645161290322,79.35483870967742,基础回撤模型,2026-06-09
600851.SH,海欣股份,化学制药/仿制药,60,53.2258064516129,66.77419354838709,基础回撤模型,2026-06-09
600867.SH,通化东宝,生物制品/创新药,60,81.29032258064515,13.225806451612904,基础回撤模型,2026-06-09
600993.SH,马应龙,中药,60,22.258064516129032,31.93548387096774,基础回撤模型,2026-06-09
600998.SH,九州通,医药流通,60,68.06451612903226,23.225806451612904,基础回撤模型,2026-06-09
601089.SH,福元医药,化学制药/创新药,60,62.25806451612903,27.419354838709676,基础回撤模型,2026-06-09
601515.SH,衢州东峰,医疗包装/其他,60,47.096774193548384,56.774193548387096,基础回撤模型,2026-06-09
601607.SH,上海医药,医药流通,60,61.29032258064516,20.0,基础回撤模型,2026-06-09
603014.SH,威高血净,医疗耗材,60,15.161290322580644,68.06451612903226,基础回撤模型,2026-06-09
603087.SH,甘李药业,生物制品/创新药,60,44.83870967741935,37.41935483870968,基础回撤模型,2026-06-09
603108.SH,润达医疗,医药流通,60,26.129032258064516,77.41935483870968,基础回撤模型,2026-06-09
603127.SH,昭衍新药,CXO/CDMO,60,5.483870967741936,72.90322580645162,基础回撤模型,2026-06-09
603222.SH,济民健康,医疗耗材,60,17.096774193548388,85.16129032258064,基础回撤模型,2026-06-09
603229.SH,奥翔药业,原料药,60,80.64516129032258,7.096774193548387,基础回撤模型,2026-06-09
603233.SH,大参林,零售药房,60,61.935483870967744,61.935483870967744,基础回撤模型,2026-06-09
603259.SH,药明康德,CXO/CDMO,60,21.612903225806452,33.5483870967742,基础回撤模型,2026-06-09
603301.SH,振德医疗,医疗耗材,60,96.7741935483871,14.193548387096774,基础回撤模型,2026-06-09
603367.SH,辰欣药业,化学制药/创新药,60,49.03225806451613,49.354838709677416,基础回撤模型,2026-06-09
603368.SH,柳药集团,医药流通,60,49.67741935483871,20.64516129032258,基础回撤模型,2026-06-09
603392.SH,万泰生物,IVD/体外诊断,60,52.25806451612903,38.70967741935484,基础回撤模型,2026-06-09
603456.SH,九洲药业,CXO/CDMO,60,45.16129032258064,25.161290322580644,基础回撤模型,2026-06-09
603538.SH,美诺华,原料药,60,98.70967741935485,96.7741935483871,基础回撤模型,2026-06-09
603590.SH,康辰药业,生物制品/生物科技,60,27.09677419354839,44.193548387096776,基础回撤模型,2026-06-09
603658.SH,安图生物,IVD/体外诊断,60,35.80645161290323,14.838709677419354,基础回撤模型,2026-06-09
603669.SH,灵康药业,化学制药/仿制药,60,5.806451612903226,74.51612903225806,基础回撤模型,2026-06-09
603707.SH,健友股份,生物制品/生物科技,60,80.96774193548387,5.806451612903226,基础回撤模型,2026-06-09
603858.SH,步长制药,中药,60,85.16129032258064,42.58064516129032,基础回撤模型,2026-06-09
603882.SH,金域医学,医疗服务,60,70.64516129032258,54.83870967741935,基础回撤模型,2026-06-09
603883.SH,老百姓,零售药房,60,59.67741935483871,28.064516129032256,基础回撤模型,2026-06-09
603939.SH,益丰药房,零售药房,60,76.77419354838709,44.516129032258064,基础回撤模型,2026-06-09
605116.SH,奥锐特,原料药,60,48.38709677419355,19.35483870967742,基础回撤模型,2026-06-09
605507.SH,国邦医药,原料药,60,81.61290322580645,4.838709677419355,基础回撤模型,2026-06-09
688016.SH,心脉医疗,医疗耗材,60,39.35483870967742,17.741935483870968,基础回撤模型,2026-06-09
688029.SH,南微医学,医疗耗材,60,32.25806451612903,44.83870967741935,基础回撤模型,2026-06-09
688046.SH,药康生物,CXO/CDMO,60,94.19354838709675,86.7741935483871,基础回撤模型,2026-06-09
688050.SH,爱博医疗,医疗耗材,60,11.29032258064516,23.548387096774192,基础回撤模型,2026-06-09
688062.SH,迈威生物,生物制品/创新药,60,9.35483870967742,65.48387096774194,基础回撤模型,2026-06-09
688068.SH,热景生物,IVD/体外诊断,60,13.870967741935484,99.03225806451611,基础回撤模型,2026-06-09
688076.SH,ST诺泰,CXO/CDMO,60,47.74193548387097,3.5483870967741935,基础回撤模型,2026-06-09
688091.SH,上海谊众,生物制品/生物科技,60,81.93548387096774,74.83870967741936,基础回撤模型,2026-06-09
688105.SH,诺唯赞,医疗器械其他,60,23.870967741935484,82.58064516129032,基础回撤模型,2026-06-09
688108.SH,赛诺医疗,医疗耗材,60,18.064516129032256,79.6774193548387,基础回撤模型,2026-06-09
688114.SH,华大智造,医疗设备,60,20.0,76.77419354838709,基础回撤模型,2026-06-09
688117.SH,圣诺生物,CXO/CDMO,60,15.806451612903224,60.967741935483865,基础回撤模型,2026-06-09
688131.SH,皓元医药,CXO/CDMO,60,57.74193548387097,73.54838709677419,基础回撤模型,2026-06-09
688139.SH,海尔生物,互联网医疗/医疗IT,60,78.06451612903226,50.967741935483865,基础回撤模型,2026-06-09
688151.SH,华强科技,医疗耗材,60,90.32258064516128,8.709677419354838,基础回撤模型,2026-06-09
688161.SH,威高骨科,医疗耗材,60,86.7741935483871,27.09677419354839,基础回撤模型,2026-06-09
688166.SH,博瑞医药,原料药,60,99.35483870967742,96.12903225806453,基础回撤模型,2026-06-09
688176.SH,亚虹医药,化学制药/创新药,60,30.64516129032258,90.0,基础回撤模型,2026-06-09
688177.SH,百奥泰,生物制品/创新药,60,87.74193548387098,19.67741935483871,基础回撤模型,2026-06-09
688180.SH,君实生物,生物制品/创新药,60,59.03225806451613,50.32258064516129,基础回撤模型,2026-06-09
688185.SH,康希诺,疫苗,60,54.19354838709678,52.25806451612903,基础回撤模型,2026-06-09
688192.SH,迪哲医药,生物制品/创新药,60,95.16129032258064,98.38709677419357,基础回撤模型,2026-06-09
688197.SH,首药控股,化学制药/创新药,60,20.64516129032258,91.29032258064515,基础回撤模型,2026-06-09
688198.SH,佰仁医疗,医疗耗材,60,85.80645161290322,83.87096774193549,基础回撤模型,2026-06-09
688202.SH,美迪西,CXO/CDMO,60,6.129032258064516,71.93548387096774,基础回撤模型,2026-06-09
688221.SH,前沿生物,生物制品/创新药,60,3.5483870967741935,96.4516129032258,基础回撤模型,2026-06-09
688222.SH,成都先导,CXO/CDMO,60,1.2903225806451613,75.48387096774194,基础回撤模型,2026-06-09
688235.SH,百济神州,生物制品/创新药,60,0.6451612903225806,39.67741935483871,基础回撤模型,2026-06-09
688236.SH,春立医疗,医疗耗材,60,74.19354838709677,46.12903225806452,基础回撤模型,2026-06-09
688253.SH,英诺特,IVD/体外诊断,60,90.6451612903226,82.25806451612904,基础回撤模型,2026-06-09
688266.SH,泽璟制药,生物制品/创新药,60,67.41935483870968,76.12903225806451,基础回撤模型,2026-06-09
688271.SH,联影医疗,医疗设备,60,31.93548387096774,31.61290322580645,基础回撤模型,2026-06-09
688276.SH,百克生物,疫苗,60,68.38709677419355,26.7741935483871,基础回撤模型,2026-06-09
688277.SH,天智航,医疗设备,60,97.74193548387096,77.09677419354838,基础回撤模型,2026-06-09
688278.SH,特宝生物,生物制品/创新药,60,55.80645161290323,3.870967741935484,基础回撤模型,2026-06-09
688289.SH,圣湘生物,IVD/体外诊断,60,46.45161290322581,22.58064516129032,基础回撤模型,2026-06-09
688293.SH,奥浦迈,CXO/CDMO,60,88.38709677419355,70.3225806451613,基础回撤模型,2026-06-09
688301.SH,奕瑞科技,医疗设备,60,44.516129032258064,84.51612903225806,基础回撤模型,2026-06-09
688315.SH,诺禾致源,CXO/CDMO,60,91.29032258064515,16.451612903225808,基础回撤模型,2026-06-09
688319.SH,欧林生物,疫苗,60,92.90322580645162,100.0,基础回撤模型,2026-06-09
688321.SH,微芯生物,生物制品/生物科技,60,48.064516129032256,64.83870967741936,基础回撤模型,2026-06-09
688331.SH,荣昌生物,生物制品/创新药,60,90.0,85.80645161290322,基础回撤模型,2026-06-09
688336.SH,三生国健,生物制品/创新药,60,100.0,92.25806451612904,基础回撤模型,2026-06-09
688351.SH,微电生理,医疗耗材,60,63.87096774193548,47.74193548387097,基础回撤模型,2026-06-09
688363.SH,华熙生物,医美/美妆,60,71.61290322580646,58.06451612903226,基础回撤模型,2026-06-09
688366.SH,昊海生科,医美/美妆,60,75.48387096774194,49.67741935483871,基础回撤模型,2026-06-09
688382.SH,益方生物,生物制品/创新药,60,33.5483870967742,89.6774193548387,基础回撤模型,2026-06-09
688410.SH,山外山,医疗设备,60,61.61290322580645,52.903225806451616,基础回撤模型,2026-06-09
688428.SH,诺诚健华,生物制品/创新药,60,30.32258064516129,53.5483870967742,基础回撤模型,2026-06-09
688443.SH,智翔金泰,生物制品/创新药,60,25.483870967741932,30.64516129032258,基础回撤模型,2026-06-09
688488.SH,艾迪药业,生物制品/创新药,60,87.41935483870968,63.54838709677419,基础回撤模型,2026-06-09
688505.SH,复旦张江,化学制药/创新药,60,42.25806451612903,26.129032258064516,基础回撤模型,2026-06-09
688506.SH,百利天恒,生物制品/生物科技,60,97.41935483870968,87.74193548387098,基础回撤模型,2026-06-09
688513.SH,苑东生物,生物制品/生物科技,60,93.2258064516129,84.83870967741936,基础回撤模型,2026-06-09
688520.SH,神州细胞,生物制品/创新药,60,88.70967741935483,30.32258064516129,基础回撤模型,2026-06-09
688553.SH,汇宇制药,生物制品/生物科技,60,43.87096774193549,85.48387096774194,基础回撤模型,2026-06-09
688566.SH,吉贝尔,化学制药/创新药,60,79.03225806451613,35.483870967741936,基础回撤模型,2026-06-09
688575.SH,亚辉龙,IVD/体外诊断,60,67.0967741935484,11.29032258064516,基础回撤模型,2026-06-09
688578.SH,艾力斯,生物制品/生物科技,60,60.0,82.9032258064516,基础回撤模型,2026-06-09
688580.SH,伟思医疗,医疗设备,60,66.12903225806451,71.29032258064515,基础回撤模型,2026-06-09
688617.SH,惠泰医疗,医疗耗材,60,64.83870967741936,48.064516129032256,基础回撤模型,2026-06-09
688621.SH,阳光诺和,CXO/CDMO,60,78.38709677419354,62.58064516129033,基础回撤模型,2026-06-09
688626.SH,翔宇医疗,医疗设备,60,89.03225806451613,58.70967741935483,基础回撤模型,2026-06-09
688656.SH,浩欧博,IVD/体外诊断,60,92.58064516129032,70.96774193548387,基础回撤模型,2026-06-09
688658.SH,悦康药业,化学制药/创新药,60,25.806451612903224,71.61290322580646,基础回撤模型,2026-06-09
688677.SH,海泰新光,医疗设备,60,40.32258064516129,94.19354838709675,基础回撤模型,2026-06-09
688690.SH,纳微科技,CXO/CDMO,60,82.58064516129032,73.87096774193549,基础回撤模型,2026-06-09
688710.SH,益诺思,CXO/CDMO,60,55.16129032258065,83.22580645161291,基础回撤模型,2026-06-09
688712.SH,北芯生命,医疗耗材,60,5.161290322580645,68.70967741935485,基础回撤模型,2026-06-09
688739.SH,成大生物,疫苗,60,77.74193548387098,9.67741935483871,基础回撤模型,2026-06-09
688758.SH,赛分科技,生物制品/生物科技,60,51.61290322580645,52.58064516129032,基础回撤模型,2026-06-09
688759.SH,必贝特,生物制品/创新药,60,1.935483870967742,63.2258064516129,基础回撤模型,2026-06-09
688765.SH,禾元生物,血制品,60,3.870967741935484,93.87096774193547,基础回撤模型,2026-06-09
688767.SH,博拓生物,IVD/体外诊断,60,84.51612903225806,89.03225806451613,基础回撤模型,2026-06-09
688796.SH,百奥赛图,CXO/CDMO,60,82.25806451612904,97.09677419354838,基础回撤模型,2026-06-09
688799.SH,华纳药厂,化学制药/仿制药,60,99.67741935483872,88.06451612903226,基础回撤模型,2026-06-09
688805.SH,健信超导,医疗设备,60,24.193548387096776,61.29032258064516,基础回撤模型,2026-06-09
920047.BJ,诺思兰德,生物制品/生物科技,60,20.32258064516129,93.2258064516129,基础回撤模型,2026-06-09
920982.BJ,锦波生物,医疗器械其他,60,40.0,59.67741935483871,基础回撤模型,2026-06-09
000028.SZ,国药一致,医药流通,120,92.58064516129032,29.03225806451613,基础回撤模型,2026-06-09
000078.SZ,ST海王,医药流通,120,3.225806451612903,99.67741935483872,基础回撤模型,2026-06-09
000403.SZ,派林生物,血制品,120,80.96774193548387,64.83870967741936,基础回撤模型,2026-06-09
000411.SZ,英特集团,医药流通,120,53.87096774193548,50.32258064516129,基础回撤模型,2026-06-09
000423.SZ,东阿阿胶,中药,120,32.25806451612903,31.290322580645164,基础回撤模型,2026-06-09
000513.SZ,丽珠集团,生物制品/生物科技,120,42.58064516129032,8.38709677419355,基础回撤模型,2026-06-09
000516.SZ,国际医学,医疗服务,120,45.806451612903224,11.612903225806452,基础回撤模型,2026-06-09
000534.SZ,万泽股份,生物制品/创新药,120,52.25806451612903,64.51612903225806,基础回撤模型,2026-06-09
000538.SZ,云南白药,中药,120,21.935483870967744,14.193548387096774,基础回撤模型,2026-06-09
000566.SZ,海南海药,化学制药/仿制药,120,37.096774193548384,95.16129032258064,基础回撤模型,2026-06-09
000597.SZ,东北制药,化学制药/仿制药,120,93.87096774193547,0.967741935483871,基础回撤模型,2026-06-09
000623.SZ,吉林敖东,中药,120,81.61290322580645,46.12903225806452,基础回撤模型,2026-06-09
000650.SZ,仁和药业,中药,120,60.967741935483865,16.129032258064516,基础回撤模型,2026-06-09
000661.SZ,长春高新,生物制品/创新药,120,69.03225806451613,9.67741935483871,基础回撤模型,2026-06-09
000739.SZ,普洛药业,CXO/CDMO,120,74.51612903225806,12.258064516129032,基础回撤模型,2026-06-09
000756.SZ,新华制药,原料药,120,24.193548387096776,53.87096774193548,基础回撤模型,2026-06-09
000766.SZ,通化金马,化学制药/创新药,120,59.67741935483871,77.41935483870968,基础回撤模型,2026-06-09
000813.SZ,德展健康,化学制药/创新药,120,64.83870967741936,51.29032258064517,基础回撤模型,2026-06-09
000908.SZ,石药景峰,化学制药/创新药,120,79.35483870967742,87.41935483870968,基础回撤模型,2026-06-09
000915.SZ,华特达因,化学制药/创新药,120,23.225806451612904,3.870967741935484,基础回撤模型,2026-06-09
000950.SZ,重药控股,医药流通,120,90.32258064516128,53.2258064516129,基础回撤模型,2026-06-09
000963.SZ,华东医药,化学制药/创新药,120,46.45161290322581,40.32258064516129,基础回撤模型,2026-06-09
000989.SZ,九芝堂,中药,120,11.29032258064516,72.90322580645162,基础回撤模型,2026-06-09
000999.SZ,华润三九,中药,120,37.74193548387097,36.12903225806451,基础回撤模型,2026-06-09
002001.SZ,新和成,营养品/维生素,120,21.612903225806452,58.06451612903226,基础回撤模型,2026-06-09
002004.SZ,华邦健康,化学制药/仿制药,120,90.96774193548389,0.6451612903225806,基础回撤模型,2026-06-09
002007.SZ,华兰生物,疫苗,120,30.967741935483872,17.419354838709676,基础回撤模型,2026-06-09
002019.SZ,亿帆医药,生物制品/生物科技,120,77.09677419354838,8.709677419354838,基础回撤模型,2026-06-09
002020.SZ,京新药业,化学制药/创新药,120,17.741935483870968,63.2258064516129,基础回撤模型,2026-06-09
002030.SZ,达安基因,IVD/体外诊断,120,84.51612903225806,55.483870967741936,基础回撤模型,2026-06-09
002038.SZ,双鹭药业,生物制品/生物科技,120,62.903225806451616,90.0,基础回撤模型,2026-06-09
002044.SZ,美年健康,医疗服务,120,31.61290322580645,67.41935483870968,基础回撤模型,2026-06-09
002065.SZ,东华软件,互联网医疗/医疗IT,120,28.70967741935484,33.5483870967742,基础回撤模型,2026-06-09
002082.SZ,ST万邦,中药,120,35.483870967741936,79.03225806451613,基础回撤模型,2026-06-09
002099.SZ,海翔药业,CXO/CDMO,120,61.29032258064516,6.451612903225806,基础回撤模型,2026-06-09
002102.SZ,ST能特,原料药,120,54.19354838709678,7.419354838709677,基础回撤模型,2026-06-09
002173.SZ,创新医疗,医疗服务,120,22.58064516129032,93.5483870967742,基础回撤模型,2026-06-09
002219.SZ,新里程,医疗服务,120,52.903225806451616,38.064516129032256,基础回撤模型,2026-06-09
002223.SZ,鱼跃医疗,互联网医疗/医疗IT,120,10.967741935483872,16.451612903225808,基础回撤模型,2026-06-09
002250.SZ,联化科技,CXO/CDMO,120,96.4516129032258,50.0,基础回撤模型,2026-06-09
002252.SZ,上海莱士,血制品,120,82.25806451612904,25.161290322580644,基础回撤模型,2026-06-09
002262.SZ,恩华药业,化学制药/创新药,120,24.838709677419356,10.64516129032258,基础回撤模型,2026-06-09
002275.SZ,桂林三金,中药,120,53.5483870967742,24.193548387096776,基础回撤模型,2026-06-09
002287.SZ,奇正藏药,中药,120,51.935483870967744,33.87096774193548,基础回撤模型,2026-06-09
002294.SZ,信立泰,化学制药/创新药,120,44.83870967741935,84.83870967741936,基础回撤模型,2026-06-09
002317.SZ,众生药业,中药,120,6.451612903225806,98.38709677419357,基础回撤模型,2026-06-09
002332.SZ,仙琚制药,原料药,120,39.67741935483871,0.3225806451612903,基础回撤模型,2026-06-09
002349.SZ,精华制药,中药,120,47.74193548387097,34.193548387096776,基础回撤模型,2026-06-09
002382.SZ,蓝帆医疗,医疗耗材,120,100.0,46.45161290322581,基础回撤模型,2026-06-09
002390.SZ,信邦制药,中药,120,99.67741935483872,32.903225806451616,基础回撤模型,2026-06-09
002399.SZ,海普瑞,CXO/CDMO,120,97.41935483870968,2.5806451612903225,基础回撤模型,2026-06-09
002422.SZ,科伦药业,化学制药/创新药,120,94.19354838709675,81.29032258064515,基础回撤模型,2026-06-09
002424.SZ,ST百灵,中药,120,78.06451612903226,38.387096774193544,基础回撤模型,2026-06-09
002432.SZ,九安医疗,互联网医疗/医疗IT,120,98.06451612903226,99.03225806451611,基础回撤模型,2026-06-09
002437.SZ,誉衡药业,化学制药/仿制药,120,10.64516129032258,26.129032258064516,基础回撤模型,2026-06-09
002550.SZ,千红制药,生物制品/创新药,120,36.45161290322581,30.0,基础回撤模型,2026-06-09
002603.SZ,以岭药业,生物制品/生物科技,120,38.064516129032256,17.741935483870968,基础回撤模型,2026-06-09
002626.SZ,金达威,医疗健康其他,120,50.645161290322584,56.12903225806451,基础回撤模型,2026-06-09
002653.SZ,海思科,化学制药/创新药,120,95.16129032258064,91.61290322580643,基础回撤模型,2026-06-09
002675.SZ,东诚药业,生物制品/生物科技,120,40.0,1.6129032258064515,基础回撤模型,2026-06-09
002727.SZ,一心堂,零售药房,120,95.48387096774194,36.774193548387096,基础回撤模型,2026-06-09
002728.SZ,特一药业,中药,120,3.5483870967741935,88.38709677419355,基础回撤模型,2026-06-09
002737.SZ,葵花药业,中药,120,56.451612903225815,42.25806451612903,基础回撤模型,2026-06-09
002755.SZ,奥赛康,化学制药/创新药,120,48.70967741935484,57.41935483870968,基础回撤模型,2026-06-09
002773.SZ,康弘药业,生物制品/创新药,120,50.0,15.161290322580644,基础回撤模型,2026-06-09
002793.SZ,罗欣药业,化学制药/仿制药,120,25.483870967741932,37.41935483870968,基础回撤模型,2026-06-09
002821.SZ,凯莱英,CXO/CDMO,120,89.03225806451613,80.0,基础回撤模型,2026-06-09
002901.SZ,大博医疗,医疗耗材,120,27.741935483870968,19.032258064516128,基础回撤模型,2026-06-09
002907.SZ,华森制药,中药,120,42.90322580645161,78.70967741935485,基础回撤模型,2026-06-09
002940.SZ,昂利康,化学制药/仿制药,120,13.225806451612904,79.35483870967742,基础回撤模型,2026-06-09
002950.SZ,奥美医疗,医疗耗材,120,63.87096774193548,49.67741935483871,基础回撤模型,2026-06-09
300003.SZ,乐普医疗,互联网医疗/医疗IT,120,61.61290322580645,66.45161290322581,基础回撤模型,2026-06-09
300006.SZ,莱美药业,化学制药/创新药,120,64.51612903225806,55.16129032258065,基础回撤模型,2026-06-09
300009.SZ,安科生物,生物制品/创新药,120,25.161290322580644,3.225806451612903,基础回撤模型,2026-06-09
300015.SZ,爱尔眼科,医疗服务,120,43.225806451612904,43.54838709677419,基础回撤模型,2026-06-09
300026.SZ,红日药业,中药,120,87.09677419354838,40.96774193548387,基础回撤模型,2026-06-09
300039.SZ,上海凯宝,中药,120,83.87096774193549,90.32258064516128,基础回撤模型,2026-06-09
300049.SZ,福瑞医科,医疗设备,120,9.35483870967742,72.25806451612902,基础回撤模型,2026-06-09
300109.SZ,新开源,医疗器械其他,120,43.54838709677419,21.29032258064516,基础回撤模型,2026-06-09
300119.SZ,瑞普生物,动保/兽药,120,67.41935483870968,45.483870967741936,基础回撤模型,2026-06-09
300122.SZ,智飞生物,疫苗,120,29.677419354838708,58.70967741935483,基础回撤模型,2026-06-09
300142.SZ,沃森生物,疫苗,120,5.161290322580645,76.45161290322581,基础回撤模型,2026-06-09
300143.SZ,盈康生命,医疗服务,120,90.6451612903226,45.16129032258064,基础回撤模型,2026-06-09
300146.SZ,汤臣倍健,营养品/维生素,120,26.7741935483871,37.096774193548384,基础回撤模型,2026-06-09
300158.SZ,振东制药,中药,120,73.54838709677419,67.74193548387096,基础回撤模型,2026-06-09
300171.SZ,东富龙,医疗设备,120,85.16129032258064,23.225806451612904,基础回撤模型,2026-06-09
300181.SZ,佐力药业,中药,120,7.741935483870968,70.3225806451613,基础回撤模型,2026-06-09
300199.SZ,翰宇药业,化学制药/创新药,120,8.38709677419355,91.93548387096774,基础回撤模型,2026-06-09
300204.SZ,舒泰神,生物制品/创新药,120,46.774193548387096,92.90322580645162,基础回撤模型,2026-06-09
300206.SZ,理邦仪器,医疗设备,120,27.419354838709676,24.838709677419356,基础回撤模型,2026-06-09
300233.SZ,金城医药,生物制品/生物科技,120,41.29032258064516,19.67741935483871,基础回撤模型,2026-06-09
300244.SZ,迪安诊断,医疗服务,120,11.612903225806452,88.70967741935483,基础回撤模型,2026-06-09
300253.SZ,卫宁健康,互联网医疗/医疗IT,120,6.774193548387098,61.935483870967744,基础回撤模型,2026-06-09
300255.SZ,常山药业,生物制品/创新药,120,39.03225806451613,95.80645161290322,基础回撤模型,2026-06-09
300267.SZ,尔康制药,原料药,120,41.612903225806456,30.967741935483872,基础回撤模型,2026-06-09
300294.SZ,博雅生物,血制品,120,87.41935483870968,36.45161290322581,基础回撤模型,2026-06-09
300298.SZ,三诺生物,医疗设备,120,44.193548387096776,5.483870967741936,基础回撤模型,2026-06-09
300341.SZ,麦克奥迪,医疗设备,120,40.96774193548387,24.516129032258064,基础回撤模型,2026-06-09
300347.SZ,泰格医药,CXO/CDMO,120,40.64516129032258,58.387096774193544,基础回撤模型,2026-06-09
300357.SZ,我武生物,生物制品/创新药,120,41.935483870967744,20.64516129032258,基础回撤模型,2026-06-09
300358.SZ,楚天科技,医疗设备,120,56.774193548387096,27.09677419354839,基础回撤模型,2026-06-09
300363.SZ,博腾股份,CXO/CDMO,120,5.806451612903226,71.61290322580646,基础回撤模型,2026-06-09
300401.SZ,花园生物,原料药,120,18.70967741935484,91.29032258064515,基础回撤模型,2026-06-09
300406.SZ,九强生物,IVD/体外诊断,120,39.35483870967742,18.064516129032256,基础回撤模型,2026-06-09
300436.SZ,广生堂,化学制药/创新药,120,9.032258064516128,94.83870967741936,基础回撤模型,2026-06-09
300451.SZ,创业慧康,互联网医疗/医疗IT,120,33.87096774193548,39.35483870967742,基础回撤模型,2026-06-09
300463.SZ,迈克生物,IVD/体外诊断,120,78.70967741935485,10.32258064516129,基础回撤模型,2026-06-09
300482.SZ,万孚生物,IVD/体外诊断,120,30.32258064516129,66.12903225806451,基础回撤模型,2026-06-09
300497.SZ,富祥股份,原料药,120,9.67741935483871,68.38709677419355,基础回撤模型,2026-06-09
300529.SZ,健帆生物,医疗耗材,120,28.064516129032256,13.870967741935484,基础回撤模型,2026-06-09
300558.SZ,贝达药业,生物制品/生物科技,120,20.0,82.9032258064516,基础回撤模型,2026-06-09
300573.SZ,兴齐眼药,化学制药/创新药,120,2.903225806451613,35.483870967741936,基础回撤模型,2026-06-09
300595.SZ,欧普康视,医疗耗材,120,34.516129032258064,18.387096774193548,基础回撤模型,2026-06-09
300601.SZ,康泰生物,疫苗,120,48.38709677419355,41.612903225806456,基础回撤模型,2026-06-09
300633.SZ,开立医疗,医疗设备,120,24.516129032258064,12.580645161290322,基础回撤模型,2026-06-09
300676.SZ,华大基因,医疗服务,120,57.096774193548384,39.67741935483871,基础回撤模型,2026-06-09
300677.SZ,英科医疗,医疗耗材,120,71.61290322580646,55.80645161290323,基础回撤模型,2026-06-09
300685.SZ,艾德生物,IVD/体外诊断,120,10.32258064516129,51.61290322580645,基础回撤模型,2026-06-09
300702.SZ,天宇股份,CXO/CDMO,120,68.70967741935485,11.935483870967742,基础回撤模型,2026-06-09
300705.SZ,九典制药,化学制药/创新药,120,15.806451612903224,21.935483870967744,基础回撤模型,2026-06-09
300723.SZ,一品红,化学制药/创新药,120,32.903225806451616,93.2258064516129,基础回撤模型,2026-06-09
300725.SZ,药石科技,CXO/CDMO,120,8.709677419354838,28.387096774193548,基础回撤模型,2026-06-09
300759.SZ,康龙化成,CXO/CDMO,120,4.838709677419355,49.03225806451613,基础回撤模型,2026-06-09
300760.SZ,迈瑞医疗,医疗设备,120,20.64516129032258,10.0,基础回撤模型,2026-06-09
300765.SZ,石药创新,原料药,120,87.74193548387098,81.93548387096774,基础回撤模型,2026-06-09
300832.SZ,新产业,IVD/体外诊断,120,12.903225806451612,40.0,基础回撤模型,2026-06-09
300841.SZ,康华生物,疫苗,120,16.129032258064516,45.806451612903224,基础回撤模型,2026-06-09
300888.SZ,稳健医疗,医疗器械其他,120,60.322580645161295,7.741935483870968,基础回撤模型,2026-06-09
300896.SZ,爱美客,医美/美妆,120,11.935483870967742,60.0,基础回撤模型,2026-06-09
301015.SZ,百洋医药,医药流通,120,15.483870967741936,56.774193548387096,基础回撤模型,2026-06-09
301017.SZ,漱玉平民,零售药房,120,36.774193548387096,68.70967741935485,基础回撤模型,2026-06-09
301047.SZ,义翘神州,CXO/CDMO,120,80.0,4.838709677419355,基础回撤模型,2026-06-09
301080.SZ,百普赛斯,生物制品/创新药,120,14.516129032258066,34.83870967741935,基础回撤模型,2026-06-09
301087.SZ,可孚医疗,医疗耗材,120,74.83870967741936,43.87096774193549,基础回撤模型,2026-06-09
301093.SZ,华兰股份,医疗耗材,120,80.3225806451613,94.19354838709675,基础回撤模型,2026-06-09
301096.SZ,百诚医药,CXO/CDMO,120,70.3225806451613,73.22580645161291,基础回撤模型,2026-06-09
301188.SZ,力诺药包,医疗耗材,120,23.870967741935484,99.35483870967742,基础回撤模型,2026-06-09
301201.SZ,诚达药业,CXO/CDMO,120,12.258064516129032,75.16129032258064,基础回撤模型,2026-06-09
301207.SZ,华兰疫苗,疫苗,120,69.6774193548387,54.516129032258064,基础回撤模型,2026-06-09
301211.SZ,亨迪药业,原料药,120,67.74193548387096,83.87096774193549,基础回撤模型,2026-06-09
301230.SZ,泓博医药,CXO/CDMO,120,15.161290322580644,84.19354838709677,基础回撤模型,2026-06-09
301235.SZ,华康洁净,医疗设备,120,18.387096774193548,95.48387096774194,基础回撤模型,2026-06-09
301246.SZ,宏源药业,原料药,120,5.483870967741936,47.41935483870968,基础回撤模型,2026-06-09
301263.SZ,泰恩康,医疗器械其他,120,54.83870967741935,80.3225806451613,基础回撤模型,2026-06-09
301267.SZ,华厦眼科,医疗服务,120,86.45161290322581,31.61290322580645,基础回撤模型,2026-06-09
301281.SZ,科源制药,原料药,120,55.16129032258065,89.03225806451613,基础回撤模型,2026-06-09
301293.SZ,三博脑科,医疗服务,120,25.806451612903224,73.54838709677419,基础回撤模型,2026-06-09
301301.SZ,川宁生物,原料药,120,13.870967741935484,2.903225806451613,基础回撤模型,2026-06-09
301333.SZ,诺思格,CXO/CDMO,120,59.354838709677416,59.354838709677416,基础回撤模型,2026-06-09
301363.SZ,美好医疗,医疗设备,120,29.03225806451613,88.06451612903226,基础回撤模型,2026-06-09
301367.SZ,瑞迈特,医疗设备,120,96.12903225806453,78.38709677419354,基础回撤模型,2026-06-09
301393.SZ,昊帆生物,生物制品/生物科技,120,4.193548387096775,69.03225806451613,基础回撤模型,2026-06-09
301408.SZ,华人健康,零售药房,120,0.6451612903225806,81.61290322580645,基础回撤模型,2026-06-09
301580.SZ,爱迪特,医疗耗材,120,8.064516129032258,96.4516129032258,基础回撤模型,2026-06-09
301584.SZ,建发致新,医药流通,120,0.3225806451612903,80.64516129032258,基础回撤模型,2026-06-09
301602.SZ,超研股份,医疗设备,120,35.16129032258065,18.70967741935484,基础回撤模型,2026-06-09
600055.SH,万东医疗,互联网医疗/医疗IT,120,45.16129032258064,35.80645161290323,基础回撤模型,2026-06-09
600056.SH,中国医药,医药流通,120,70.0,29.354838709677416,基础回撤模型,2026-06-09
600062.SH,华润双鹤,化学制药/创新药,120,56.12903225806451,7.096774193548387,基础回撤模型,2026-06-09
600079.SH,ST人福,化学制药/创新药,120,51.29032258064517,1.935483870967742,基础回撤模型,2026-06-09
600085.SH,同仁堂,中药,120,51.61290322580645,44.83870967741935,基础回撤模型,2026-06-09
600129.SH,太极集团,中药,120,7.096774193548387,90.6451612903226,基础回撤模型,2026-06-09
600161.SH,天坛生物,血制品,120,26.451612903225808,27.741935483870968,基础回撤模型,2026-06-09
600196.SH,复星医药,生物制品/生物科技,120,53.2258064516129,9.032258064516128,基础回撤模型,2026-06-09
600201.SH,生物股份,动保/兽药,120,31.93548387096774,67.0967741935484,基础回撤模型,2026-06-09
600211.SH,西藏药业,生物制品/创新药,120,31.290322580645164,1.2903225806451613,基础回撤模型,2026-06-09
600216.SH,浙江医药,原料药,120,64.19354838709678,2.258064516129032,基础回撤模型,2026-06-09
600252.SH,中恒集团,中药,120,74.19354838709677,65.16129032258064,基础回撤模型,2026-06-09
600267.SH,海正药业,化学制药/创新药,120,72.25806451612902,37.74193548387097,基础回撤模型,2026-06-09
600276.SH,恒瑞医药,生物制品/生物科技,120,20.32258064516129,26.451612903225808,基础回撤模型,2026-06-09
600285.SH,羚锐制药,中药,120,14.838709677419354,23.548387096774192,基础回撤模型,2026-06-09
600299.SH,安迪苏,营养品/维生素,120,89.6774193548387,70.0,基础回撤模型,2026-06-09
600329.SH,达仁堂,中药,120,18.064516129032256,47.096774193548384,基础回撤模型,2026-06-09
600332.SH,白云山,中药,120,77.74193548387098,21.612903225806452,基础回撤模型,2026-06-09
600380.SH,健康元,化学制药/创新药,120,70.64516129032258,6.129032258064516,基础回撤模型,2026-06-09
600420.SH,国药现代,化学制药/创新药,120,97.09677419354838,12.903225806451612,基础回撤模型,2026-06-09
600422.SH,昆药集团,中药,120,79.6774193548387,61.29032258064516,基础回撤模型,2026-06-09
600436.SH,片仔癀,中药,120,57.74193548387097,76.77419354838709,基础回撤模型,2026-06-09
600488.SH,津药药业,原料药,120,86.12903225806451,97.09677419354838,基础回撤模型,2026-06-09
600511.SH,国药股份,医药流通,120,46.12903225806452,13.225806451612904,基础回撤模型,2026-06-09
600513.SH,联环药业,化学制药/仿制药,120,6.129032258064516,59.03225806451613,基础回撤模型,2026-06-09
600518.SH,康美药业,中药,120,33.5483870967742,62.58064516129033,基础回撤模型,2026-06-09
600521.SH,华海药业,化学制药/创新药,120,43.87096774193549,41.29032258064516,基础回撤模型,2026-06-09
600529.SH,山东药玻,医疗耗材,120,30.64516129032258,4.193548387096775,基础回撤模型,2026-06-09
600535.SH,天士力,中药,120,79.03225806451613,40.64516129032258,基础回撤模型,2026-06-09
600557.SH,康缘药业,中药,120,75.48387096774194,69.35483870967742,基础回撤模型,2026-06-09
600566.SH,济川药业,中药,120,89.35483870967742,60.322580645161295,基础回撤模型,2026-06-09
600572.SH,康恩贝,中药,120,42.25806451612903,15.483870967741936,基础回撤模型,2026-06-09
600587.SH,新华医疗,医疗设备,120,92.90322580645162,5.806451612903226,基础回撤模型,2026-06-09
600645.SH,中源协和,IVD/体外诊断,120,27.09677419354839,47.74193548387097,基础回撤模型,2026-06-09
600664.SH,哈药股份,化学制药/仿制药,120,65.80645161290323,60.64516129032258,基础回撤模型,2026-06-09
600713.SH,南京医药,医药流通,120,72.58064516129032,34.516129032258064,基础回撤模型,2026-06-09
600718.SH,东软集团,互联网医疗/医疗IT,120,81.29032258064515,42.90322580645161,基础回撤模型,2026-06-09
600739.SH,辽宁成大,疫苗,120,92.25806451612904,28.70967741935484,基础回撤模型,2026-06-09
600750.SH,华润江中,中药,120,68.06451612903226,50.645161290322584,基础回撤模型,2026-06-09
600763.SH,通策医疗,医疗服务,120,35.80645161290323,27.419354838709676,基础回撤模型,2026-06-09
600771.SH,广誉远,中药,120,30.0,54.83870967741935,基础回撤模型,2026-06-09
600789.SH,鲁抗医药,化学制药/创新药,120,61.935483870967744,30.64516129032258,基础回撤模型,2026-06-09
600812.SH,华北制药,化学制药/创新药,120,82.9032258064516,11.29032258064516,基础回撤模型,2026-06-09
600829.SH,人民同泰,医药流通,120,97.74193548387096,80.96774193548387,基础回撤模型,2026-06-09
600851.SH,海欣股份,化学制药/仿制药,120,59.03225806451613,63.54838709677419,基础回撤模型,2026-06-09
600867.SH,通化东宝,生物制品/创新药,120,71.93548387096774,14.838709677419354,基础回撤模型,2026-06-09
600993.SH,马应龙,中药,120,19.35483870967742,32.25806451612903,基础回撤模型,2026-06-09
600998.SH,九州通,医药流通,120,76.12903225806451,22.58064516129032,基础回撤模型,2026-06-09
601089.SH,福元医药,化学制药/创新药,120,47.096774193548384,29.677419354838708,基础回撤模型,2026-06-09
601515.SH,衢州东峰,医疗包装/其他,120,50.967741935483865,56.451612903225815,基础回撤模型,2026-06-09
601607.SH,上海医药,医药流通,120,78.38709677419354,20.0,基础回撤模型,2026-06-09
603014.SH,威高血净,医疗耗材,120,28.387096774193548,65.48387096774194,基础回撤模型,2026-06-09
603087.SH,甘李药业,生物制品/创新药,120,67.0967741935484,39.03225806451613,基础回撤模型,2026-06-09
603108.SH,润达医疗,医药流通,120,19.67741935483871,77.74193548387098,基础回撤模型,2026-06-09
603127.SH,昭衍新药,CXO/CDMO,120,10.0,70.64516129032258,基础回撤模型,2026-06-09
603222.SH,济民健康,医疗耗材,120,17.419354838709676,84.51612903225806,基础回撤模型,2026-06-09
603229.SH,奥翔药业,原料药,120,57.41935483870968,8.064516129032258,基础回撤模型,2026-06-09
603233.SH,大参林,零售药房,120,66.12903225806451,59.67741935483871,基础回撤模型,2026-06-09
603259.SH,药明康德,CXO/CDMO,120,29.354838709677416,33.225806451612904,基础回撤模型,2026-06-09
603301.SH,振德医疗,医疗耗材,120,83.54838709677419,14.516129032258066,基础回撤模型,2026-06-09
603367.SH,辰欣药业,化学制药/创新药,120,84.83870967741936,48.70967741935484,基础回撤模型,2026-06-09
603368.SH,柳药集团,医药流通,120,75.16129032258064,19.35483870967742,基础回撤模型,2026-06-09
603392.SH,万泰生物,IVD/体外诊断,120,19.032258064516128,44.516129032258064,基础回撤模型,2026-06-09
603456.SH,九洲药业,CXO/CDMO,120,49.67741935483871,23.870967741935484,基础回撤模型,2026-06-09
603538.SH,美诺华,原料药,120,81.93548387096774,96.7741935483871,基础回撤模型,2026-06-09
603590.SH,康辰药业,生物制品/生物科技,120,49.354838709677416,43.225806451612904,基础回撤模型,2026-06-09
603658.SH,安图生物,IVD/体外诊断,120,34.83870967741935,13.548387096774196,基础回撤模型,2026-06-09
603669.SH,灵康药业,化学制药/仿制药,120,16.7741935483871,74.51612903225806,基础回撤模型,2026-06-09
603707.SH,健友股份,生物制品/生物科技,120,66.45161290322581,6.774193548387098,基础回撤模型,2026-06-09
603858.SH,步长制药,中药,120,86.7741935483871,42.58064516129032,基础回撤模型,2026-06-09
603882.SH,金域医学,医疗服务,120,83.22580645161291,52.903225806451616,基础回撤模型,2026-06-09
603883.SH,老百姓,零售药房,120,69.35483870967742,26.7741935483871,基础回撤模型,2026-06-09
603939.SH,益丰药房,零售药房,120,55.80645161290323,44.193548387096776,基础回撤模型,2026-06-09
605116.SH,奥锐特,原料药,120,26.129032258064516,20.32258064516129,基础回撤模型,2026-06-09
605507.SH,国邦医药,原料药,120,88.06451612903226,5.161290322580645,基础回撤模型,2026-06-09
688016.SH,心脉医疗,医疗耗材,120,37.41935483870968,16.7741935483871,基础回撤模型,2026-06-09
688029.SH,南微医学,医疗耗材,120,60.0,41.935483870967744,基础回撤模型,2026-06-09
688046.SH,药康生物,CXO/CDMO,120,99.35483870967742,86.7741935483871,基础回撤模型,2026-06-09
688050.SH,爱博医疗,医疗耗材,120,14.193548387096774,25.806451612903224,基础回撤模型,2026-06-09
688062.SH,迈威生物,生物制品/创新药,120,7.419354838709677,66.77419354838709,基础回撤模型,2026-06-09
688068.SH,热景生物,IVD/体外诊断,120,34.193548387096776,98.70967741935485,基础回撤模型,2026-06-09
688076.SH,ST诺泰,CXO/CDMO,120,38.387096774193544,3.5483870967741935,基础回撤模型,2026-06-09
688091.SH,上海谊众,生物制品/生物科技,120,45.483870967741936,74.19354838709677,基础回撤模型,2026-06-09
688105.SH,诺唯赞,医疗器械其他,120,80.64516129032258,79.6774193548387,基础回撤模型,2026-06-09
688108.SH,赛诺医疗,医疗耗材,120,12.580645161290322,78.06451612903226,基础回撤模型,2026-06-09
688114.SH,华大智造,医疗设备,120,66.77419354838709,76.12903225806451,基础回撤模型,2026-06-09
688117.SH,圣诺生物,CXO/CDMO,120,17.096774193548388,61.61290322580645,基础回撤模型,2026-06-09
688131.SH,皓元医药,CXO/CDMO,120,50.32258064516129,73.87096774193549,基础回撤模型,2026-06-09
688139.SH,海尔生物,互联网医疗/医疗IT,120,65.48387096774194,50.967741935483865,基础回撤模型,2026-06-09
688151.SH,华强科技,医疗耗材,120,91.29032258064515,10.967741935483872,基础回撤模型,2026-06-09
688161.SH,威高骨科,医疗耗材,120,76.45161290322581,30.32258064516129,基础回撤模型,2026-06-09
688166.SH,博瑞医药,原料药,120,94.83870967741936,97.41935483870968,基础回撤模型,2026-06-09
688176.SH,亚虹医药,化学制药/创新药,120,55.483870967741936,89.35483870967742,基础回撤模型,2026-06-09
688177.SH,百奥泰,生物制品/创新药,120,63.2258064516129,20.967741935483872,基础回撤模型,2026-06-09
688180.SH,君实生物,生物制品/创新药,120,47.41935483870968,52.58064516129032,基础回撤模型,2026-06-09
688185.SH,康希诺,疫苗,120,20.967741935483872,54.19354838709678,基础回撤模型,2026-06-09
688192.SH,迪哲医药,生物制品/创新药,120,98.38709677419357,97.74193548387096,基础回撤模型,2026-06-09
688197.SH,首药控股,化学制药/创新药,120,22.903225806451612,90.96774193548389,基础回撤模型,2026-06-09
688198.SH,佰仁医疗,医疗耗材,120,85.80645161290322,85.16129032258064,基础回撤模型,2026-06-09
688202.SH,美迪西,CXO/CDMO,120,4.516129032258064,69.6774193548387,基础回撤模型,2026-06-09
688221.SH,前沿生物,生物制品/创新药,120,22.258064516129032,96.12903225806453,基础回撤模型,2026-06-09
688222.SH,成都先导,CXO/CDMO,120,2.5806451612903225,75.48387096774194,基础回撤模型,2026-06-09
688235.SH,百济神州,生物制品/创新药,120,1.935483870967742,38.70967741935484,基础回撤模型,2026-06-09
688236.SH,春立医疗,医疗耗材,120,65.16129032258064,49.354838709677416,基础回撤模型,2026-06-09
688253.SH,英诺特,IVD/体外诊断,120,93.2258064516129,83.22580645161291,基础回撤模型,2026-06-09
688266.SH,泽璟制药,生物制品/创新药,120,84.19354838709677,75.80645161290323,基础回撤模型,2026-06-09
688271.SH,联影医疗,医疗设备,120,38.70967741935484,25.483870967741932,基础回撤模型,2026-06-09
688276.SH,百克生物,疫苗,120,58.70967741935483,28.064516129032256,基础回撤模型,2026-06-09
688277.SH,天智航,医疗设备,120,94.51612903225806,77.09677419354838,基础回撤模型,2026-06-09
688278.SH,特宝生物,生物制品/创新药,120,44.516129032258064,4.516129032258064,基础回撤模型,2026-06-09
688289.SH,圣湘生物,IVD/体外诊断,120,72.90322580645162,22.258064516129032,基础回撤模型,2026-06-09
688293.SH,奥浦迈,CXO/CDMO,120,91.61290322580643,68.06451612903226,基础回撤模型,2026-06-09
688301.SH,奕瑞科技,医疗设备,120,48.064516129032256,85.80645161290322,基础回撤模型,2026-06-09
688315.SH,诺禾致源,CXO/CDMO,120,88.70967741935483,17.096774193548388,基础回撤模型,2026-06-09
688319.SH,欧林生物,疫苗,120,90.0,100.0,基础回撤模型,2026-06-09
688321.SH,微芯生物,生物制品/生物科技,120,54.516129032258064,65.80645161290323,基础回撤模型,2026-06-09
688331.SH,荣昌生物,生物制品/创新药,120,76.77419354838709,86.12903225806451,基础回撤模型,2026-06-09
688336.SH,三生国健,生物制品/创新药,120,98.70967741935485,94.51612903225806,基础回撤模型,2026-06-09
688351.SH,微电生理,医疗耗材,120,52.58064516129032,48.38709677419355,基础回撤模型,2026-06-09
688363.SH,华熙生物,医美/美妆,120,60.64516129032258,57.096774193548384,基础回撤模型,2026-06-09
688366.SH,昊海生科,医美/美妆,120,85.48387096774194,51.935483870967744,基础回撤模型,2026-06-09
688382.SH,益方生物,生物制品/创新药,120,73.87096774193549,87.09677419354838,基础回撤模型,2026-06-09
688410.SH,山外山,医疗设备,120,62.25806451612903,53.5483870967742,基础回撤模型,2026-06-09
688428.SH,诺诚健华,生物制品/创新药,120,23.548387096774192,52.25806451612903,基础回撤模型,2026-06-09
688443.SH,智翔金泰,生物制品/创新药,120,16.451612903225808,31.93548387096774,基础回撤模型,2026-06-09
688488.SH,艾迪药业,生物制品/创新药,120,88.38709677419355,64.19354838709678,基础回撤模型,2026-06-09
688505.SH,复旦张江,化学制药/创新药,120,36.12903225806451,22.903225806451612,基础回撤模型,2026-06-09
688506.SH,百利天恒,生物制品/生物科技,120,96.7741935483871,86.45161290322581,基础回撤模型,2026-06-09
688513.SH,苑东生物,生物制品/生物科技,120,93.5483870967742,82.25806451612904,基础回撤模型,2026-06-09
688520.SH,神州细胞,生物制品/创新药,120,70.96774193548387,32.58064516129032,基础回撤模型,2026-06-09
688553.SH,汇宇制药,生物制品/生物科技,120,75.80645161290323,85.48387096774194,基础回撤模型,2026-06-09
688566.SH,吉贝尔,化学制药/创新药,120,68.38709677419355,35.16129032258065,基础回撤模型,2026-06-09
688575.SH,亚辉龙,IVD/体外诊断,120,32.58064516129032,15.806451612903224,基础回撤模型,2026-06-09
688578.SH,艾力斯,生物制品/生物科技,120,77.41935483870968,83.54838709677419,基础回撤模型,2026-06-09
688580.SH,伟思医疗,医疗设备,120,58.06451612903226,70.96774193548387,基础回撤模型,2026-06-09
688617.SH,惠泰医疗,医疗耗材,120,40.32258064516129,48.064516129032256,基础回撤模型,2026-06-09
688621.SH,阳光诺和,CXO/CDMO,120,71.29032258064515,57.74193548387097,基础回撤模型,2026-06-09
688626.SH,翔宇医疗,医疗设备,120,73.22580645161291,62.903225806451616,基础回撤模型,2026-06-09
688656.SH,浩欧博,IVD/体外诊断,120,49.03225806451613,74.83870967741936,基础回撤模型,2026-06-09
688658.SH,悦康药业,化学制药/创新药,120,21.29032258064516,72.58064516129032,基础回撤模型,2026-06-09
688677.SH,海泰新光,医疗设备,120,33.225806451612904,92.58064516129032,基础回撤模型,2026-06-09
688690.SH,纳微科技,CXO/CDMO,120,63.54838709677419,71.93548387096774,基础回撤模型,2026-06-09
688710.SH,益诺思,CXO/CDMO,120,62.58064516129033,82.58064516129032,基础回撤模型,2026-06-09
688712.SH,北芯生命,医疗耗材,120,0.967741935483871,71.29032258064515,基础回撤模型,2026-06-09
688739.SH,成大生物,疫苗,120,91.93548387096774,9.35483870967742,基础回撤模型,2026-06-09
688758.SH,赛分科技,生物制品/生物科技,120,58.387096774193544,46.774193548387096,基础回撤模型,2026-06-09
688759.SH,必贝特,生物制品/创新药,120,2.258064516129032,60.967741935483865,基础回撤模型,2026-06-09
688765.SH,禾元生物,血制品,120,1.6129032258064515,93.87096774193547,基础回撤模型,2026-06-09
688767.SH,博拓生物,IVD/体外诊断,120,95.80645161290322,87.74193548387098,基础回撤模型,2026-06-09
688796.SH,百奥赛图,CXO/CDMO,120,82.58064516129032,98.06451612903226,基础回撤模型,2026-06-09
688799.SH,华纳药厂,化学制药/仿制药,120,99.03225806451611,89.6774193548387,基础回撤模型,2026-06-09
688805.SH,健信超导,医疗设备,120,3.870967741935484,62.25806451612903,基础回撤模型,2026-06-09
920047.BJ,诺思兰德,生物制品/生物科技,120,1.2903225806451613,92.25806451612904,基础回撤模型,2026-06-09
920982.BJ,锦波生物,医疗器械其他,120,13.548387096774196,63.87096774193548,基础回撤模型,2026-06-09
