ts_code,entry_date,market_regime,predicted_relative_return,return_model_score,horizon_sessions,healthcare_benchmark,model
000028.SZ,2026-07-20,医疗独立行情,0.0004016768652621992,63.87096774193548,5,中证申万医药生物指数,4. 交互项+残差动量+Beta变化
000078.SZ,2026-07-20,医疗独立行情,-0.0045083140816739795,0.3225806451612903,5,中证申万医药生物指数,4. 交互项+残差动量+Beta变化
000403.SZ,2026-07-20,医疗独立行情,-0.001041183499437074,13.548387096774196,5,中证申万医药生物指数,4. 交互项+残差动量+Beta变化
000411.SZ,2026-07-20,医疗独立行情,0.0002682512860846926,57.096774193548384,5,中证申万医药生物指数,4. 交互项+残差动量+Beta变化
000423.SZ,2026-07-20,医疗独立行情,-0.0005696400220579816,22.58064516129032,5,中证申万医药生物指数,4. 交互项+残差动量+Beta变化
000513.SZ,2026-07-20,医疗独立行情,0.0016456257003262815,97.09677419354838,5,中证申万医药生物指数,4. 交互项+残差动量+Beta变化
000516.SZ,2026-07-20,医疗独立行情,0.0009068733556672567,83.87096774193549,5,中证申万医药生物指数,4. 交互项+残差动量+Beta变化
000534.SZ,2026-07-20,医疗独立行情,-0.0027469999062986693,2.903225806451613,5,中证申万医药生物指数,4. 交互项+残差动量+Beta变化
000538.SZ,2026-07-20,医疗独立行情,-0.00018349738601475013,34.83870967741935,5,中证申万医药生物指数,4. 交互项+残差动量+Beta变化
000566.SZ,2026-07-20,医疗独立行情,-0.002601722516496117,3.870967741935484,5,中证申万医药生物指数,4. 交互项+残差动量+Beta变化
000597.SZ,2026-07-20,医疗独立行情,0.0003689067347092704,62.903225806451616,5,中证申万医药生物指数,4. 交互项+残差动量+Beta变化
000623.SZ,2026-07-20,医疗独立行情,0.00029284755977610665,58.70967741935483,5,中证申万医药生物指数,4. 交互项+残差动量+Beta变化
000650.SZ,2026-07-20,医疗独立行情,0.00035829861949393326,62.25806451612903,5,中证申万医药生物指数,4. 交互项+残差动量+Beta变化
000661.SZ,2026-07-20,医疗独立行情,-0.0007582700411400356,18.064516129032256,5,中证申万医药生物指数,4. 交互项+残差动量+Beta变化
000739.SZ,2026-07-20,医疗独立行情,-0.00020364656243862623,33.225806451612904,5,中证申万医药生物指数,4. 交互项+残差动量+Beta变化
000756.SZ,2026-07-20,医疗独立行情,-0.00012345704000698795,38.387096774193544,5,中证申万医药生物指数,4. 交互项+残差动量+Beta变化
000766.SZ,2026-07-20,医疗独立行情,0.00032884045626533243,60.322580645161295,5,中证申万医药生物指数,4. 交互项+残差动量+Beta变化
000813.SZ,2026-07-20,医疗独立行情,-0.0004742825591268566,26.129032258064516,5,中证申万医药生物指数,4. 交互项+残差动量+Beta变化
000908.SZ,2026-07-20,医疗独立行情,-0.0013235279084081169,8.709677419354838,5,中证申万医药生物指数,4. 交互项+残差动量+Beta变化
000915.SZ,2026-07-20,医疗独立行情,0.0005024220401453874,70.0,5,中证申万医药生物指数,4. 交互项+残差动量+Beta变化
000950.SZ,2026-07-20,医疗独立行情,0.0012746137685278607,92.58064516129032,5,中证申万医药生物指数,4. 交互项+残差动量+Beta变化
000963.SZ,2026-07-20,医疗独立行情,0.0009713121673312364,85.80645161290322,5,中证申万医药生物指数,4. 交互项+残差动量+Beta变化
000989.SZ,2026-07-20,医疗独立行情,0.0006447694563986611,75.80645161290323,5,中证申万医药生物指数,4. 交互项+残差动量+Beta变化
000999.SZ,2026-07-20,医疗独立行情,-0.00047263309884951687,26.451612903225808,5,中证申万医药生物指数,4. 交互项+残差动量+Beta变化
002001.SZ,2026-07-20,医疗独立行情,-0.0008868778497877981,15.806451612903224,5,中证申万医药生物指数,4. 交互项+残差动量+Beta变化
002004.SZ,2026-07-20,医疗独立行情,0.00017829456493914054,54.83870967741935,5,中证申万医药生物指数,4. 交互项+残差动量+Beta变化
002007.SZ,2026-07-20,医疗独立行情,-0.00014468571788678585,36.774193548387096,5,中证申万医药生物指数,4. 交互项+残差动量+Beta变化
002019.SZ,2026-07-20,医疗独立行情,0.0002796195259690891,57.41935483870968,5,中证申万医药生物指数,4. 交互项+残差动量+Beta变化
002020.SZ,2026-07-20,医疗独立行情,0.00021936353186302265,55.80645161290323,5,中证申万医药生物指数,4. 交互项+残差动量+Beta变化
002030.SZ,2026-07-20,医疗独立行情,-0.0005995336312914697,20.64516129032258,5,中证申万医药生物指数,4. 交互项+残差动量+Beta变化
002038.SZ,2026-07-20,医疗独立行情,-0.0004260980126579534,28.387096774193548,5,中证申万医药生物指数,4. 交互项+残差动量+Beta变化
002044.SZ,2026-07-20,医疗独立行情,0.001113489596118514,90.96774193548387,5,中证申万医药生物指数,4. 交互项+残差动量+Beta变化
002065.SZ,2026-07-20,医疗独立行情,6.576106809560196e-05,48.064516129032256,5,中证申万医药生物指数,4. 交互项+残差动量+Beta变化
002082.SZ,2026-07-20,医疗独立行情,-0.0008446913697725686,17.096774193548388,5,中证申万医药生物指数,4. 交互项+残差动量+Beta变化
002099.SZ,2026-07-20,医疗独立行情,-0.0008476616137988418,16.129032258064516,5,中证申万医药生物指数,4. 交互项+残差动量+Beta变化
002102.SZ,2026-07-20,医疗独立行情,-0.0012070884224537194,10.32258064516129,5,中证申万医药生物指数,4. 交互项+残差动量+Beta变化
002173.SZ,2026-07-20,医疗独立行情,-0.003092895178401116,1.935483870967742,5,中证申万医药生物指数,4. 交互项+残差动量+Beta变化
002219.SZ,2026-07-20,医疗独立行情,3.162157693809928e-05,45.806451612903224,5,中证申万医药生物指数,4. 交互项+残差动量+Beta变化
002223.SZ,2026-07-20,医疗独立行情,-0.0004824088083126238,25.483870967741932,5,中证申万医药生物指数,4. 交互项+残差动量+Beta变化
002250.SZ,2026-07-20,医疗独立行情,-0.0009231779482751764,15.483870967741936,5,中证申万医药生物指数,4. 交互项+残差动量+Beta变化
002252.SZ,2026-07-20,医疗独立行情,-0.0010613020406345186,12.580645161290322,5,中证申万医药生物指数,4. 交互项+残差动量+Beta变化
002262.SZ,2026-07-20,医疗独立行情,-4.3270934757558254e-05,41.935483870967744,5,中证申万医药生物指数,4. 交互项+残差动量+Beta变化
002275.SZ,2026-07-20,医疗独立行情,0.0001597650949234677,52.903225806451616,5,中证申万医药生物指数,4. 交互项+残差动量+Beta变化
002287.SZ,2026-07-20,医疗独立行情,-0.00017577954176789694,35.16129032258065,5,中证申万医药生物指数,4. 交互项+残差动量+Beta变化
002294.SZ,2026-07-20,医疗独立行情,0.0002582129840332077,56.774193548387096,5,中证申万医药生物指数,4. 交互项+残差动量+Beta变化
002317.SZ,2026-07-20,医疗独立行情,0.00040798476237755997,64.19354838709678,5,中证申万医药生物指数,4. 交互项+残差动量+Beta变化
002332.SZ,2026-07-20,医疗独立行情,0.0006097938521324508,74.83870967741936,5,中证申万医药生物指数,4. 交互项+残差动量+Beta变化
002349.SZ,2026-07-20,医疗独立行情,0.0009419330601282235,85.48387096774194,5,中证申万医药生物指数,4. 交互项+残差动量+Beta变化
002382.SZ,2026-07-20,医疗独立行情,-0.00017490085495098628,35.483870967741936,5,中证申万医药生物指数,4. 交互项+残差动量+Beta变化
002390.SZ,2026-07-20,医疗独立行情,0.0007083918224139028,77.41935483870968,5,中证申万医药生物指数,4. 交互项+残差动量+Beta变化
002399.SZ,2026-07-20,医疗独立行情,-0.0002427225508596122,32.58064516129032,5,中证申万医药生物指数,4. 交互项+残差动量+Beta变化
002422.SZ,2026-07-20,医疗独立行情,0.0009410898461183023,85.16129032258064,5,中证申万医药生物指数,4. 交互项+残差动量+Beta变化
002424.SZ,2026-07-20,医疗独立行情,0.00018169030259488096,55.16129032258065,5,中证申万医药生物指数,4. 交互项+残差动量+Beta变化
002432.SZ,2026-07-20,医疗独立行情,-0.00377443428163273,0.6451612903225806,5,中证申万医药生物指数,4. 交互项+残差动量+Beta变化
002437.SZ,2026-07-20,医疗独立行情,0.00033010106643576115,60.64516129032258,5,中证申万医药生物指数,4. 交互项+残差动量+Beta变化
002550.SZ,2026-07-20,医疗独立行情,-1.5350098848712294e-05,43.54838709677419,5,中证申万医药生物指数,4. 交互项+残差动量+Beta变化
002603.SZ,2026-07-20,医疗独立行情,0.0002815792500745857,58.06451612903226,5,中证申万医药生物指数,4. 交互项+残差动量+Beta变化
002626.SZ,2026-07-20,医疗独立行情,0.0007473103589445084,79.35483870967742,5,中证申万医药生物指数,4. 交互项+残差动量+Beta变化
002653.SZ,2026-07-20,医疗独立行情,-0.0016380023032580866,6.129032258064516,5,中证申万医药生物指数,4. 交互项+残差动量+Beta变化
002675.SZ,2026-07-20,医疗独立行情,0.0017257352064029604,98.06451612903226,5,中证申万医药生物指数,4. 交互项+残差动量+Beta变化
002727.SZ,2026-07-20,医疗独立行情,-0.00015789318503212595,36.45161290322581,5,中证申万医药生物指数,4. 交互项+残差动量+Beta变化
002728.SZ,2026-07-20,医疗独立行情,9.037637894061945e-05,49.354838709677416,5,中证申万医药生物指数,4. 交互项+残差动量+Beta变化
002737.SZ,2026-07-20,医疗独立行情,9.705845854387865e-05,50.32258064516129,5,中证申万医药生物指数,4. 交互项+残差动量+Beta变化
002755.SZ,2026-07-20,医疗独立行情,0.0010272891201334236,87.74193548387098,5,中证申万医药生物指数,4. 交互项+残差动量+Beta变化
002773.SZ,2026-07-20,医疗独立行情,0.00085291334736948,82.9032258064516,5,中证申万医药生物指数,4. 交互项+残差动量+Beta变化
002793.SZ,2026-07-20,医疗独立行情,-0.0001626573070327038,36.12903225806451,5,中证申万医药生物指数,4. 交互项+残差动量+Beta变化
002821.SZ,2026-07-20,医疗独立行情,0.0006880486618584787,77.09677419354838,5,中证申万医药生物指数,4. 交互项+残差动量+Beta变化
002901.SZ,2026-07-20,医疗独立行情,-4.9222425204076705e-05,41.612903225806456,5,中证申万医药生物指数,4. 交互项+残差动量+Beta变化
002907.SZ,2026-07-20,医疗独立行情,0.0011027252872401632,90.32258064516128,5,中证申万医药生物指数,4. 交互项+残差动量+Beta变化
002940.SZ,2026-07-20,医疗独立行情,-0.00036342567542096483,29.03225806451613,5,中证申万医药生物指数,4. 交互项+残差动量+Beta变化
002950.SZ,2026-07-20,医疗独立行情,-0.0004489352195739037,27.419354838709676,5,中证申万医药生物指数,4. 交互项+残差动量+Beta变化
300003.SZ,2026-07-20,医疗独立行情,-0.0005117772044941793,24.516129032258064,5,中证申万医药生物指数,4. 交互项+残差动量+Beta变化
300006.SZ,2026-07-20,医疗独立行情,-0.0005796224326730513,21.612903225806452,5,中证申万医药生物指数,4. 交互项+残差动量+Beta变化
300009.SZ,2026-07-20,医疗独立行情,0.0004841151537780293,68.06451612903226,5,中证申万医药生物指数,4. 交互项+残差动量+Beta变化
300015.SZ,2026-07-20,医疗独立行情,3.053161315180038e-05,45.483870967741936,5,中证申万医药生物指数,4. 交互项+残差动量+Beta变化
300026.SZ,2026-07-20,医疗独立行情,0.00046436366544210395,66.77419354838709,5,中证申万医药生物指数,4. 交互项+残差动量+Beta变化
300039.SZ,2026-07-20,医疗独立行情,-0.0026061783594714663,3.5483870967741935,5,中证申万医药生物指数,4. 交互项+残差动量+Beta变化
300049.SZ,2026-07-20,医疗独立行情,-0.00031023910474104827,30.32258064516129,5,中证申万医药生物指数,4. 交互项+残差动量+Beta变化
300109.SZ,2026-07-20,医疗独立行情,0.0009818381996934543,86.12903225806451,5,中证申万医药生物指数,4. 交互项+残差动量+Beta变化
300119.SZ,2026-07-20,医疗独立行情,0.0006219406664613775,75.16129032258064,5,中证申万医药生物指数,4. 交互项+残差动量+Beta变化
300122.SZ,2026-07-20,医疗独立行情,0.0007118695144302132,77.74193548387098,5,中证申万医药生物指数,4. 交互项+残差动量+Beta变化
300142.SZ,2026-07-20,医疗独立行情,0.0010611827497246857,89.03225806451613,5,中证申万医药生物指数,4. 交互项+残差动量+Beta变化
300143.SZ,2026-07-20,医疗独立行情,0.0005858542892778013,72.25806451612902,5,中证申万医药生物指数,4. 交互项+残差动量+Beta变化
300146.SZ,2026-07-20,医疗独立行情,0.0008319062317340657,81.93548387096774,5,中证申万医药生物指数,4. 交互项+残差动量+Beta变化
300158.SZ,2026-07-20,医疗独立行情,0.0007743480958430586,80.64516129032258,5,中证申万医药生物指数,4. 交互项+残差动量+Beta变化
300171.SZ,2026-07-20,医疗独立行情,-0.00010703727983538396,39.03225806451613,5,中证申万医药生物指数,4. 交互项+残差动量+Beta变化
300181.SZ,2026-07-20,医疗独立行情,-0.000139628742501143,37.096774193548384,5,中证申万医药生物指数,4. 交互项+残差动量+Beta变化
300199.SZ,2026-07-20,医疗独立行情,0.0005974955519308265,73.54838709677419,5,中证申万医药生物指数,4. 交互项+残差动量+Beta变化
300204.SZ,2026-07-20,医疗独立行情,0.0010696538586523244,89.6774193548387,5,中证申万医药生物指数,4. 交互项+残差动量+Beta变化
300206.SZ,2026-07-20,医疗独立行情,0.001011140049174989,86.7741935483871,5,中证申万医药生物指数,4. 交互项+残差动量+Beta变化
300233.SZ,2026-07-20,医疗独立行情,-6.131878431965813e-05,40.96774193548387,5,中证申万医药生物指数,4. 交互项+残差动量+Beta变化
300244.SZ,2026-07-20,医疗独立行情,0.0003500708276532628,61.61290322580645,5,中证申万医药生物指数,4. 交互项+残差动量+Beta变化
300253.SZ,2026-07-20,医疗独立行情,0.0007391419592446329,79.03225806451613,5,中证申万医药生物指数,4. 交互项+残差动量+Beta变化
300255.SZ,2026-07-20,医疗独立行情,-0.0033776433241747964,0.967741935483871,5,中证申万医药生物指数,4. 交互项+残差动量+Beta变化
300267.SZ,2026-07-20,医疗独立行情,0.0007550060737397396,79.6774193548387,5,中证申万医药生物指数,4. 交互项+残差动量+Beta变化
300294.SZ,2026-07-20,医疗独立行情,-0.00012970061954332198,37.74193548387097,5,中证申万医药生物指数,4. 交互项+残差动量+Beta变化
300298.SZ,2026-07-20,医疗独立行情,3.346474824545404e-05,46.12903225806452,5,中证申万医药生物指数,4. 交互项+残差动量+Beta变化
300341.SZ,2026-07-20,医疗独立行情,0.0013428067544246712,93.54838709677419,5,中证申万医药生物指数,4. 交互项+残差动量+Beta变化
300347.SZ,2026-07-20,医疗独立行情,-0.0010515761861085735,12.903225806451612,5,中证申万医药生物指数,4. 交互项+残差动量+Beta变化
300357.SZ,2026-07-20,医疗独立行情,0.00021121618105580657,55.483870967741936,5,中证申万医药生物指数,4. 交互项+残差动量+Beta变化
300358.SZ,2026-07-20,医疗独立行情,-0.0002157841732851461,32.903225806451616,5,中证申万医药生物指数,4. 交互项+残差动量+Beta变化
300363.SZ,2026-07-20,医疗独立行情,-0.0005981235379011647,20.967741935483872,5,中证申万医药生物指数,4. 交互项+残差动量+Beta变化
300401.SZ,2026-07-20,医疗独立行情,-0.0014651407627737831,7.741935483870968,5,中证申万医药生物指数,4. 交互项+残差动量+Beta变化
300406.SZ,2026-07-20,医疗独立行情,0.0010400133832829984,88.38709677419355,5,中证申万医药生物指数,4. 交互项+残差动量+Beta变化
300436.SZ,2026-07-20,医疗独立行情,0.0023278057596174714,99.67741935483872,5,中证申万医药生物指数,4. 交互项+残差动量+Beta变化
300451.SZ,2026-07-20,医疗独立行情,0.0007325397696977031,78.70967741935485,5,中证申万医药生物指数,4. 交互项+残差动量+Beta变化
300463.SZ,2026-07-20,医疗独立行情,0.00044040552612402135,65.80645161290323,5,中证申万医药生物指数,4. 交互项+残差动量+Beta变化
300482.SZ,2026-07-20,医疗独立行情,0.0001614721005362492,53.2258064516129,5,中证申万医药生物指数,4. 交互项+残差动量+Beta变化
300497.SZ,2026-07-20,医疗独立行情,0.0013790480957266108,94.19354838709677,5,中证申万医药生物指数,4. 交互项+残差动量+Beta变化
300529.SZ,2026-07-20,医疗独立行情,-0.000575113965159409,21.935483870967744,5,中证申万医药生物指数,4. 交互项+残差动量+Beta变化
300558.SZ,2026-07-20,医疗独立行情,0.002092030670409015,99.03225806451613,5,中证申万医药生物指数,4. 交互项+残差动量+Beta变化
300573.SZ,2026-07-20,医疗独立行情,-0.0007180674066907415,18.70967741935484,5,中证申万医药生物指数,4. 交互项+残差动量+Beta变化
300595.SZ,2026-07-20,医疗独立行情,3.768784159541881e-05,46.774193548387096,5,中证申万医药生物指数,4. 交互项+残差动量+Beta变化
300601.SZ,2026-07-20,医疗独立行情,0.00048149651381624176,67.41935483870968,5,中证申万医药生物指数,4. 交互项+残差动量+Beta变化
300633.SZ,2026-07-20,医疗独立行情,-0.0004863128510846072,25.161290322580644,5,中证申万医药生物指数,4. 交互项+残差动量+Beta变化
300676.SZ,2026-07-20,医疗独立行情,0.0008426426929511129,82.58064516129032,5,中证申万医药生物指数,4. 交互项+残差动量+Beta变化
300677.SZ,2026-07-20,医疗独立行情,-0.001507435326673065,6.774193548387098,5,中证申万医药生物指数,4. 交互项+残差动量+Beta变化
300685.SZ,2026-07-20,医疗独立行情,0.0002299659507438578,56.12903225806451,5,中证申万医药生物指数,4. 交互项+残差动量+Beta变化
300702.SZ,2026-07-20,医疗独立行情,0.0007634713703349097,80.3225806451613,5,中证申万医药生物指数,4. 交互项+残差动量+Beta变化
300705.SZ,2026-07-20,医疗独立行情,0.00014182769850356328,51.935483870967744,5,中证申万医药生物指数,4. 交互项+残差动量+Beta变化
300723.SZ,2026-07-20,医疗独立行情,0.001682201120965084,97.41935483870968,5,中证申万医药生物指数,4. 交互项+残差动量+Beta变化
300725.SZ,2026-07-20,医疗独立行情,0.00081362993481131,81.29032258064515,5,中证申万医药生物指数,4. 交互项+残差动量+Beta变化
300759.SZ,2026-07-20,医疗独立行情,-0.001296407331201835,9.35483870967742,5,中证申万医药生物指数,4. 交互项+残差动量+Beta变化
300760.SZ,2026-07-20,医疗独立行情,0.00011599649122415766,51.29032258064517,5,中证申万医药生物指数,4. 交互项+残差动量+Beta变化
300765.SZ,2026-07-20,医疗独立行情,-0.0010457908426835514,13.225806451612904,5,中证申万医药生物指数,4. 交互项+残差动量+Beta变化
300832.SZ,2026-07-20,医疗独立行情,-0.0002504060494659612,32.25806451612903,5,中证申万医药生物指数,4. 交互项+残差动量+Beta变化
300841.SZ,2026-07-20,医疗独立行情,0.00042991918873151605,65.16129032258064,5,中证申万医药生物指数,4. 交互项+残差动量+Beta变化
300888.SZ,2026-07-20,医疗独立行情,-0.0002027344179300701,33.5483870967742,5,中证申万医药生物指数,4. 交互项+残差动量+Beta变化
300896.SZ,2026-07-20,医疗独立行情,-0.0005700635936540245,22.258064516129032,5,中证申万医药生物指数,4. 交互项+残差动量+Beta变化
301015.SZ,2026-07-20,医疗独立行情,-0.0005476476458971236,23.225806451612904,5,中证申万医药生物指数,4. 交互项+残差动量+Beta变化
301017.SZ,2026-07-20,医疗独立行情,0.002136677087817723,99.35483870967742,5,中证申万医药生物指数,4. 交互项+残差动量+Beta变化
301047.SZ,2026-07-20,医疗独立行情,-0.00030421088034557044,30.64516129032258,5,中证申万医药生物指数,4. 交互项+残差动量+Beta变化
301080.SZ,2026-07-20,医疗独立行情,6.0576184667647646e-05,47.74193548387097,5,中证申万医药生物指数,4. 交互项+残差动量+Beta变化
301087.SZ,2026-07-20,医疗独立行情,-0.00044947439977312243,27.09677419354839,5,中证申万医药生物指数,4. 交互项+残差动量+Beta变化
301093.SZ,2026-07-20,医疗独立行情,-0.0010198032961242312,14.193548387096774,5,中证申万医药生物指数,4. 交互项+残差动量+Beta变化
301096.SZ,2026-07-20,医疗独立行情,0.0004988928842328652,69.35483870967742,5,中证申万医药生物指数,4. 交互项+残差动量+Beta变化
301188.SZ,2026-07-20,医疗独立行情,-0.0030610242851188034,2.258064516129032,5,中证申万医药生物指数,4. 交互项+残差动量+Beta变化
301201.SZ,2026-07-20,医疗独立行情,0.001507250294619491,95.16129032258065,5,中证申万医药生物指数,4. 交互项+残差动量+Beta变化
301207.SZ,2026-07-20,医疗独立行情,0.0004824254191130669,67.74193548387096,5,中证申万医药生物指数,4. 交互项+残差动量+Beta变化
301211.SZ,2026-07-20,医疗独立行情,-0.0011165902383863965,11.29032258064516,5,中证申万医药生物指数,4. 交互项+残差动量+Beta变化
301230.SZ,2026-07-20,医疗独立行情,0.0015332220492843315,95.80645161290322,5,中证申万医药生物指数,4. 交互项+残差动量+Beta变化
301235.SZ,2026-07-20,医疗独立行情,-0.002097871052290852,4.516129032258064,5,中证申万医药生物指数,4. 交互项+残差动量+Beta变化
301246.SZ,2026-07-20,医疗独立行情,0.0010651417793774457,89.35483870967742,5,中证申万医药生物指数,4. 交互项+残差动量+Beta变化
301263.SZ,2026-07-20,医疗独立行情,0.00048570674730414454,68.38709677419355,5,中证申万医药生物指数,4. 交互项+残差动量+Beta变化
301267.SZ,2026-07-20,医疗独立行情,0.000758516627679537,80.0,5,中证申万医药生物指数,4. 交互项+残差动量+Beta变化
301281.SZ,2026-07-20,医疗独立行情,-0.0011058742810453072,11.935483870967742,5,中证申万医药生物指数,4. 交互项+残差动量+Beta变化
301293.SZ,2026-07-20,医疗独立行情,-0.0009298964269791637,15.161290322580644,5,中证申万医药生物指数,4. 交互项+残差动量+Beta变化
301301.SZ,2026-07-20,医疗独立行情,0.0005871628907817865,72.58064516129032,5,中证申万医药生物指数,4. 交互项+残差动量+Beta变化
301333.SZ,2026-07-20,医疗独立行情,-0.00012484018729110518,38.064516129032256,5,中证申万医药生物指数,4. 交互项+残差动量+Beta变化
301363.SZ,2026-07-20,医疗独立行情,0.00014595957379015163,52.25806451612903,5,中证申万医药生物指数,4. 交互项+残差动量+Beta变化
301367.SZ,2026-07-20,医疗独立行情,-0.0011380695230690544,10.967741935483872,5,中证申万医药生物指数,4. 交互项+残差动量+Beta变化
301393.SZ,2026-07-20,医疗独立行情,-0.00026177833384756065,31.61290322580645,5,中证申万医药生物指数,4. 交互项+残差动量+Beta变化
301408.SZ,2026-07-20,医疗独立行情,0.0014979068937686043,94.83870967741936,5,中证申万医药生物指数,4. 交互项+残差动量+Beta变化
301580.SZ,2026-07-20,医疗独立行情,-0.0031453343788932237,1.6129032258064515,5,中证申万医药生物指数,4. 交互项+残差动量+Beta变化
301584.SZ,2026-07-20,医疗独立行情,0.00034122716252104284,60.967741935483865,5,中证申万医药生物指数,4. 交互项+残差动量+Beta变化
301602.SZ,2026-07-20,医疗独立行情,0.00013033100378988667,51.61290322580645,5,中证申万医药生物指数,4. 交互项+残差动量+Beta变化
600055.SH,2026-07-20,医疗独立行情,0.0003618517384351837,62.58064516129033,5,中证申万医药生物指数,4. 交互项+残差动量+Beta变化
600056.SH,2026-07-20,医疗独立行情,-7.08798395949326e-05,40.32258064516129,5,中证申万医药生物指数,4. 交互项+残差动量+Beta变化
600062.SH,2026-07-20,医疗独立行情,-3.113033074732541e-05,42.58064516129032,5,中证申万医药生物指数,4. 交互项+残差动量+Beta变化
600079.SH,2026-07-20,医疗独立行情,-6.435871044052894e-05,40.64516129032258,5,中证申万医药生物指数,4. 交互项+残差动量+Beta变化
600085.SH,2026-07-20,医疗独立行情,-0.0008474901203832468,16.451612903225808,5,中证申万医药生物指数,4. 交互项+残差动量+Beta变化
600129.SH,2026-07-20,医疗独立行情,-0.0009437973672280135,14.838709677419354,5,中证申万医药生物指数,4. 交互项+残差动量+Beta变化
600161.SH,2026-07-20,医疗独立行情,-0.0005032125371327613,24.838709677419356,5,中证申万医药生物指数,4. 交互项+残差动量+Beta变化
600196.SH,2026-07-20,医疗独立行情,0.00016237619780280204,53.5483870967742,5,中证申万医药生物指数,4. 交互项+残差动量+Beta变化
600201.SH,2026-07-20,医疗独立行情,0.00035422175833673753,61.935483870967744,5,中证申万医药生物指数,4. 交互项+残差动量+Beta变化
600211.SH,2026-07-20,医疗独立行情,0.0009065127445359494,83.54838709677419,5,中证申万医药生物指数,4. 交互项+残差动量+Beta变化
600216.SH,2026-07-20,医疗独立行情,-0.0004706928156699441,26.7741935483871,5,中证申万医药生物指数,4. 交互项+残差动量+Beta变化
600252.SH,2026-07-20,医疗独立行情,-0.00020173639697815813,33.87096774193548,5,中证申万医药生物指数,4. 交互项+残差动量+Beta变化
600267.SH,2026-07-20,医疗独立行情,0.00011201473457135623,50.967741935483865,5,中证申万医药生物指数,4. 交互项+残差动量+Beta变化
600276.SH,2026-07-20,医疗独立行情,0.0008335491230228888,82.25806451612904,5,中证申万医药生物指数,4. 交互项+残差动量+Beta变化
600285.SH,2026-07-20,医疗独立行情,-0.00018781451106197704,34.516129032258064,5,中证申万医药生物指数,4. 交互项+残差动量+Beta变化
600299.SH,2026-07-20,医疗独立行情,-0.0014694540460605794,7.419354838709677,5,中证申万医药生物指数,4. 交互项+残差动量+Beta变化
600329.SH,2026-07-20,医疗独立行情,0.0004282813222352402,64.83870967741936,5,中证申万医药生物指数,4. 交互项+残差动量+Beta变化
600332.SH,2026-07-20,医疗独立行情,-0.00019731730250818972,34.193548387096776,5,中证申万医药生物指数,4. 交互项+残差动量+Beta变化
600380.SH,2026-07-20,医疗独立行情,0.00028349665175040234,58.387096774193544,5,中证申万医药生物指数,4. 交互项+残差动量+Beta变化
600420.SH,2026-07-20,医疗独立行情,-2.0057637729095285e-05,43.225806451612904,5,中证申万医药生物指数,4. 交互项+残差动量+Beta变化
600422.SH,2026-07-20,医疗独立行情,-0.001304206289514418,9.032258064516128,5,中证申万医药生物指数,4. 交互项+残差动量+Beta变化
600436.SH,2026-07-20,医疗独立行情,-0.0019713888915685166,4.838709677419355,5,中证申万医药生物指数,4. 交互项+残差动量+Beta变化
600488.SH,2026-07-20,医疗独立行情,-0.0015744039092427016,6.451612903225806,5,中证申万医药生物指数,4. 交互项+残差动量+Beta变化
600511.SH,2026-07-20,医疗独立行情,0.0005158610983944722,70.3225806451613,5,中证申万医药生物指数,4. 交互项+残差动量+Beta变化
600513.SH,2026-07-20,医疗独立行情,0.001298633934228963,93.2258064516129,5,中证申万医药生物指数,4. 交互项+残差动量+Beta变化
600518.SH,2026-07-20,医疗独立行情,4.142219096746499e-05,47.096774193548384,5,中证申万医药生物指数,4. 交互项+残差动量+Beta变化
600521.SH,2026-07-20,医疗独立行情,0.0003462060639402659,61.29032258064516,5,中证申万医药生物指数,4. 交互项+残差动量+Beta变化
600529.SH,2026-07-20,医疗独立行情,0.0009154689860158491,84.51612903225806,5,中证申万医药生物指数,4. 交互项+残差动量+Beta变化
600535.SH,2026-07-20,医疗独立行情,-9.716670679627113e-05,39.35483870967742,5,中证申万医药生物指数,4. 交互项+残差动量+Beta变化
600557.SH,2026-07-20,医疗独立行情,-0.00031350076086454235,30.0,5,中证申万医药生物指数,4. 交互项+残差动量+Beta变化
600566.SH,2026-07-20,医疗独立行情,2.1421592417060558e-05,45.16129032258064,5,中证申万医药生物指数,4. 交互项+残差动量+Beta变化
600572.SH,2026-07-20,医疗独立行情,0.0007310533506234052,78.38709677419354,5,中证申万医药生物指数,4. 交互项+残差动量+Beta变化
600587.SH,2026-07-20,医疗独立行情,-0.0006342349447442002,20.0,5,中证申万医药生物指数,4. 交互项+残差动量+Beta变化
600645.SH,2026-07-20,医疗独立行情,0.0001736768209612716,54.19354838709678,5,中证申万医药生物指数,4. 交互项+残差动量+Beta变化
600664.SH,2026-07-20,医疗独立行情,-0.0031643954943868496,1.2903225806451613,5,中证申万医药生物指数,4. 交互项+残差动量+Beta变化
600713.SH,2026-07-20,医疗独立行情,0.0006623200400052869,76.45161290322581,5,中证申万医药生物指数,4. 交互项+残差动量+Beta变化
600718.SH,2026-07-20,医疗独立行情,0.0002806225294376696,57.74193548387097,5,中证申万医药生物指数,4. 交互项+残差动量+Beta变化
600739.SH,2026-07-20,医疗独立行情,-0.0003230319293970098,29.677419354838708,5,中证申万医药生物指数,4. 交互项+残差动量+Beta变化
600750.SH,2026-07-20,医疗独立行情,-0.000611640225048291,20.32258064516129,5,中证申万医药生物指数,4. 交互项+残差动量+Beta变化
600763.SH,2026-07-20,医疗独立行情,8.88735064712391e-05,49.03225806451613,5,中证申万医药生物指数,4. 交互项+残差动量+Beta变化
600771.SH,2026-07-20,医疗独立行情,-0.0004431390657818422,27.741935483870968,5,中证申万医药生物指数,4. 交互项+残差动量+Beta变化
600789.SH,2026-07-20,医疗独立行情,0.000497564097184644,69.03225806451613,5,中证申万医药生物指数,4. 交互项+残差动量+Beta变化
600812.SH,2026-07-20,医疗独立行情,-0.00043944389059889224,28.064516129032256,5,中证申万医药生物指数,4. 交互项+残差动量+Beta变化
600829.SH,2026-07-20,医疗独立行情,0.0010272082123566784,87.41935483870968,5,中证申万医药生物指数,4. 交互项+残差动量+Beta变化
600851.SH,2026-07-20,医疗独立行情,0.0008277918010484103,81.61290322580645,5,中证申万医药生物指数,4. 交互项+残差动量+Beta变化
600867.SH,2026-07-20,医疗独立行情,0.00032211244701340133,60.0,5,中证申万医药生物指数,4. 交互项+残差动量+Beta变化
600993.SH,2026-07-20,医疗独立行情,0.00045250819549327165,66.12903225806451,5,中证申万医药生物指数,4. 交互项+残差动量+Beta变化
600998.SH,2026-07-20,医疗独立行情,0.0007233256130412212,78.06451612903226,5,中证申万医药生物指数,4. 交互项+残差动量+Beta变化
601089.SH,2026-07-20,医疗独立行情,0.00037775686819757273,63.2258064516129,5,中证申万医药生物指数,4. 交互项+残差动量+Beta变化
601515.SH,2026-07-20,医疗独立行情,3.4266645538512355e-05,46.45161290322581,5,中证申万医药生物指数,4. 交互项+残差动量+Beta变化
601607.SH,2026-07-20,医疗独立行情,6.39127001153055e-06,44.516129032258064,5,中证申万医药生物指数,4. 交互项+残差动量+Beta变化
603014.SH,2026-07-20,医疗独立行情,0.00038387611135849855,63.54838709677419,5,中证申万医药生物指数,4. 交互项+残差动量+Beta变化
603087.SH,2026-07-20,医疗独立行情,0.00010333169134035733,50.645161290322584,5,中证申万医药生物指数,4. 交互项+残差动量+Beta变化
603108.SH,2026-07-20,医疗独立行情,-0.00039859494085440523,28.70967741935484,5,中证申万医药生物指数,4. 交互项+残差动量+Beta变化
603127.SH,2026-07-20,医疗独立行情,0.0006866621478030986,76.77419354838709,5,中证申万医药生物指数,4. 交互项+残差动量+Beta变化
603222.SH,2026-07-20,医疗独立行情,-0.0010764424993292966,12.258064516129032,5,中证申万医药生物指数,4. 交互项+残差动量+Beta变化
603229.SH,2026-07-20,医疗独立行情,9.048057068329339e-05,49.67741935483871,5,中证申万医药生物指数,4. 交互项+残差动量+Beta变化
603233.SH,2026-07-20,医疗独立行情,-0.0008465729258265426,16.7741935483871,5,中证申万医药生物指数,4. 交互项+残差动量+Beta变化
603259.SH,2026-07-20,医疗独立行情,0.0010536403462463155,88.70967741935483,5,中证申万医药生物指数,4. 交互项+残差动量+Beta变化
603301.SH,2026-07-20,医疗独立行情,-9.097479616985896e-05,40.0,5,中证申万医药生物指数,4. 交互项+残差动量+Beta变化
603367.SH,2026-07-20,医疗独立行情,0.0006548317724804748,76.12903225806451,5,中证申万医药生物指数,4. 交互项+残差动量+Beta变化
603368.SH,2026-07-20,医疗独立行情,0.0006085880877971903,74.51612903225806,5,中证申万医药生物指数,4. 交互项+残差动量+Beta变化
603392.SH,2026-07-20,医疗独立行情,-0.00025531093830619643,31.93548387096774,5,中证申万医药生物指数,4. 交互项+残差动量+Beta变化
603456.SH,2026-07-20,医疗独立行情,-0.00013336936979307118,37.41935483870968,5,中证申万医药生物指数,4. 交互项+残差动量+Beta变化
603538.SH,2026-07-20,医疗独立行情,-0.002671006534097576,3.225806451612903,5,中证申万医药生物指数,4. 交互项+残差动量+Beta变化
603590.SH,2026-07-20,医疗独立行情,-0.0003460683150919262,29.354838709677416,5,中证申万医药生物指数,4. 交互项+残差动量+Beta变化
603658.SH,2026-07-20,医疗独立行情,0.000305778189521778,59.67741935483871,5,中证申万医药生物指数,4. 交互项+残差动量+Beta变化
603669.SH,2026-07-20,医疗独立行情,-0.0005225531177608753,23.870967741935484,5,中证申万医药生物指数,4. 交互项+残差动量+Beta变化
603707.SH,2026-07-20,医疗独立行情,-0.0006530308631766775,19.032258064516128,5,中证申万医药生物指数,4. 交互项+残差动量+Beta变化
603858.SH,2026-07-20,医疗独立行情,0.0009106616314966627,84.19354838709677,5,中证申万医药生物指数,4. 交互项+残差动量+Beta变化
603882.SH,2026-07-20,医疗独立行情,-9.553029228204808e-05,39.67741935483871,5,中证申万医药生物指数,4. 交互项+残差动量+Beta变化
603883.SH,2026-07-20,医疗独立行情,0.00024305533786754888,56.451612903225815,5,中证申万医药生物指数,4. 交互项+残差动量+Beta变化
603939.SH,2026-07-20,医疗独立行情,-0.00010761632470321213,38.70967741935484,5,中证申万医药生物指数,4. 交互项+残差动量+Beta变化
605116.SH,2026-07-20,医疗独立行情,0.001018093455196202,87.09677419354838,5,中证申万医药生物指数,4. 交互项+残差动量+Beta变化
605507.SH,2026-07-20,医疗独立行情,-0.0005161378979296076,24.193548387096776,5,中证申万医药生物指数,4. 交互项+残差动量+Beta变化
688016.SH,2026-07-20,医疗独立行情,-0.0002866180623408534,30.967741935483872,5,中证申万医药生物指数,4. 交互项+残差动量+Beta变化
688029.SH,2026-07-20,医疗独立行情,0.0004389457841279892,65.48387096774194,5,中证申万医药生物指数,4. 交互项+残差动量+Beta变化
688046.SH,2026-07-20,医疗独立行情,-5.456874849000964e-05,41.29032258064516,5,中证申万医药生物指数,4. 交互项+残差动量+Beta变化
688050.SH,2026-07-20,医疗独立行情,-2.166761950151288e-05,42.90322580645161,5,中证申万医药生物指数,4. 交互项+残差动量+Beta变化
688062.SH,2026-07-20,医疗独立行情,0.0006244388606760953,75.48387096774194,5,中证申万医药生物指数,4. 交互项+残差动量+Beta变化
688068.SH,2026-07-20,医疗独立行情,-0.0012497886557924884,10.0,5,中证申万医药生物指数,4. 交互项+残差动量+Beta变化
688076.SH,2026-07-20,医疗独立行情,0.000559560538119375,70.96774193548387,5,中证申万医药生物指数,4. 交互项+残差动量+Beta变化
688091.SH,2026-07-20,医疗独立行情,0.000917859706281666,84.83870967741936,5,中证申万医药生物指数,4. 交互项+残差动量+Beta变化
688105.SH,2026-07-20,医疗独立行情,0.00041350969299350573,64.51612903225806,5,中证申万医药生物指数,4. 交互项+残差动量+Beta变化
688108.SH,2026-07-20,医疗独立行情,0.0012186614503629967,91.93548387096774,5,中证申万医药生物指数,4. 交互项+残差动量+Beta变化
688114.SH,2026-07-20,医疗独立行情,0.000499785717054168,69.6774193548387,5,中证申万医药生物指数,4. 交互项+残差动量+Beta变化
688117.SH,2026-07-20,医疗独立行情,0.0010350951589361307,88.06451612903226,5,中证申万医药生物指数,4. 交互项+残差动量+Beta变化
688131.SH,2026-07-20,医疗独立行情,0.001280312099339771,92.90322580645162,5,中证申万医药生物指数,4. 交互项+残差动量+Beta变化
688139.SH,2026-07-20,医疗独立行情,-0.0005937122247176171,21.29032258064516,5,中证申万医药生物指数,4. 交互项+残差动量+Beta变化
688151.SH,2026-07-20,医疗独立行情,0.00016272222959184002,53.87096774193548,5,中证申万医药生物指数,4. 交互项+残差动量+Beta变化
688161.SH,2026-07-20,医疗独立行情,0.0005812097737155693,71.93548387096774,5,中证申万医药生物指数,4. 交互项+残差动量+Beta变化
688166.SH,2026-07-20,医疗独立行情,-0.001329926966852085,8.38709677419355,5,中证申万医药生物指数,4. 交互项+残差动量+Beta变化
688176.SH,2026-07-20,医疗独立行情,-0.0014458522644310167,8.064516129032258,5,中证申万医药生物指数,4. 交互项+残差动量+Beta变化
688177.SH,2026-07-20,医疗独立行情,0.0005545539562751711,70.64516129032258,5,中证申万医药生物指数,4. 交互项+残差动量+Beta变化
688180.SH,2026-07-20,医疗独立行情,0.0006065100687910195,74.19354838709677,5,中证申万医药生物指数,4. 交互项+残差动量+Beta变化
688185.SH,2026-07-20,医疗独立行情,0.0004692708876771039,67.0967741935484,5,中证申万医药生物指数,4. 交互项+残差动量+Beta变化
688192.SH,2026-07-20,医疗独立行情,-0.0016579154435127162,5.806451612903226,5,中证申万医药生物指数,4. 交互项+残差动量+Beta变化
688197.SH,2026-07-20,医疗独立行情,0.0005635187172203802,71.61290322580646,5,中证申万医药生物指数,4. 交互项+残差动量+Beta变化
688198.SH,2026-07-20,医疗独立行情,0.00017420420794659138,54.516129032258064,5,中证申万医药生物指数,4. 交互项+残差动量+Beta变化
688202.SH,2026-07-20,医疗独立行情,8.306471876527743e-05,48.70967741935484,5,中证申万医药生物指数,4. 交互项+残差动量+Beta变化
688221.SH,2026-07-20,医疗独立行情,0.0005904294458245006,73.22580645161291,5,中证申万医药生物指数,4. 交互项+残差动量+Beta变化
688222.SH,2026-07-20,医疗独立行情,0.001485264998092553,94.51612903225806,5,中证申万医药生物指数,4. 交互项+残差动量+Beta变化
688235.SH,2026-07-20,医疗独立行情,0.0015257890892238198,95.48387096774194,5,中证申万医药生物指数,4. 交互项+残差动量+Beta变化
688236.SH,2026-07-20,医疗独立行情,0.0004906084868609232,68.70967741935485,5,中证申万医药生物指数,4. 交互项+残差动量+Beta变化
688253.SH,2026-07-20,医疗独立行情,0.0007747421820664186,80.96774193548387,5,中证申万医药生物指数,4. 交互项+残差动量+Beta变化
688266.SH,2026-07-20,医疗独立行情,-0.0011096966709132532,11.612903225806452,5,中证申万医药生物指数,4. 交互项+残差动量+Beta变化
688271.SH,2026-07-20,医疗独立行情,-0.0006354078177302792,19.35483870967742,5,中证申万医药生物指数,4. 交互项+残差动量+Beta变化
688276.SH,2026-07-20,医疗独立行情,8.216229778045598e-05,48.38709677419355,5,中证申万医药生物指数,4. 交互项+残差动量+Beta变化
688277.SH,2026-07-20,医疗独立行情,-0.0005659728639603481,22.903225806451612,5,中证申万医药生物指数,4. 交互项+残差动量+Beta变化
688278.SH,2026-07-20,医疗独立行情,-0.0007279777057309791,18.387096774193548,5,中证申万医药生物指数,4. 交互项+残差动量+Beta变化
688289.SH,2026-07-20,医疗独立行情,-0.0002752050968776661,31.290322580645164,5,中证申万医药生物指数,4. 交互项+残差动量+Beta变化
688293.SH,2026-07-20,医疗独立行情,-0.0018866832283390197,5.161290322580645,5,中证申万医药生物指数,4. 交互项+残差动量+Beta变化
688301.SH,2026-07-20,医疗独立行情,-0.0018147797944278368,5.483870967741936,5,中证申万医药生物指数,4. 交互项+残差动量+Beta变化
688315.SH,2026-07-20,医疗独立行情,0.0010086428466243524,86.45161290322581,5,中证申万医药生物指数,4. 交互项+残差动量+Beta变化
688319.SH,2026-07-20,医疗独立行情,-0.002234477274404998,4.193548387096775,5,中证申万医药生物指数,4. 交互项+残差动量+Beta变化
688321.SH,2026-07-20,医疗独立行情,0.0003027356177609516,59.354838709677416,5,中证申万医药生物指数,4. 交互项+残差动量+Beta变化
688331.SH,2026-07-20,医疗独立行情,0.0027632973699947463,100.0,5,中证申万医药生物指数,4. 交互项+残差动量+Beta变化
688336.SH,2026-07-20,医疗独立行情,0.0010720441502137185,90.0,5,中证申万医药生物指数,4. 交互项+残差动量+Beta变化
688351.SH,2026-07-20,医疗独立行情,0.0017573026429106142,98.38709677419355,5,中证申万医药生物指数,4. 交互项+残差动量+Beta变化
688363.SH,2026-07-20,医疗独立行情,0.0005604410983988563,71.29032258064515,5,中证申万医药生物指数,4. 交互项+残差动量+Beta变化
688366.SH,2026-07-20,医疗独立行情,9.053247982517008e-05,50.0,5,中证申万医药生物指数,4. 交互项+残差动量+Beta变化
688382.SH,2026-07-20,医疗独立行情,-7.983586520104555e-06,44.193548387096776,5,中证申万医药生物指数,4. 交互项+残差动量+Beta变化
688410.SH,2026-07-20,医疗独立行情,0.00014852797103476081,52.58064516129032,5,中证申万医药生物指数,4. 交互项+残差动量+Beta变化
688428.SH,2026-07-20,医疗独立行情,0.0013571023295733523,93.87096774193549,5,中证申万医药生物指数,4. 交互项+残差动量+Beta变化
688443.SH,2026-07-20,医疗独立行情,-0.0007721331634627427,17.741935483870968,5,中证申万医药生物指数,4. 交互项+残差动量+Beta变化
688488.SH,2026-07-20,医疗独立行情,5.2223412352030123e-05,47.41935483870968,5,中证申万医药生物指数,4. 交互项+残差动量+Beta变化
688505.SH,2026-07-20,医疗独立行情,0.0011722371593050822,91.29032258064517,5,中证申万医药生物指数,4. 交互项+残差动量+Beta变化
688506.SH,2026-07-20,医疗独立行情,-0.00016636069274380573,35.80645161290323,5,中证申万医药生物指数,4. 交互项+残差动量+Beta变化
688513.SH,2026-07-20,医疗独立行情,1.9652782787558607e-05,44.83870967741935,5,中证申万医药生物指数,4. 交互项+残差动量+Beta变化
688520.SH,2026-07-20,医疗独立行情,0.0011095455679940754,90.64516129032259,5,中证申万医药生物指数,4. 交互项+残差动量+Beta变化
688553.SH,2026-07-20,医疗独立行情,0.0017141431795786779,97.74193548387096,5,中证申万医药生物指数,4. 交互项+残差动量+Beta变化
688566.SH,2026-07-20,医疗独立行情,0.0006055223879902779,73.87096774193549,5,中证申万医药生物指数,4. 交互项+残差动量+Beta变化
688575.SH,2026-07-20,医疗独立行情,-0.0006346531228996138,19.67741935483871,5,中证申万医药生物指数,4. 交互项+残差动量+Beta变化
688578.SH,2026-07-20,医疗独立行情,-0.0007843398987672838,17.419354838709676,5,中证申万医药生物指数,4. 交互项+残差动量+Beta变化
688580.SH,2026-07-20,医疗独立行情,-3.547645405273931e-05,42.25806451612903,5,中证申万医药生物指数,4. 交互项+残差动量+Beta变化
688617.SH,2026-07-20,医疗独立行情,-0.0005336165584101234,23.548387096774192,5,中证申万医药生物指数,4. 交互项+残差动量+Beta变化
688621.SH,2026-07-20,医疗独立行情,0.00045601784273990745,66.45161290322581,5,中证申万医药生物指数,4. 交互项+残差动量+Beta变化
688626.SH,2026-07-20,医疗独立行情,-0.0010264475407558145,13.870967741935484,5,中证申万医药生物指数,4. 交互项+残差动量+Beta变化
688656.SH,2026-07-20,医疗独立行情,0.000589753389132185,72.90322580645162,5,中证申万医药生物指数,4. 交互项+残差动量+Beta变化
688658.SH,2026-07-20,医疗独立行情,0.0016120588618678102,96.7741935483871,5,中证申万医药生物指数,4. 交互项+残差动量+Beta变化
688677.SH,2026-07-20,医疗独立行情,-0.0009901888996798544,14.516129032258066,5,中证申万医药生物指数,4. 交互项+残差动量+Beta变化
688690.SH,2026-07-20,医疗独立行情,-1.1902489237151825e-05,43.87096774193549,5,中证申万医药生物指数,4. 交互项+残差动量+Beta变化
688710.SH,2026-07-20,医疗独立行情,-0.001258518395694168,9.67741935483871,5,中证申万医药生物指数,4. 交互项+残差动量+Beta变化
688712.SH,2026-07-20,医疗独立行情,0.002083743342303317,98.70967741935483,5,中证申万医药生物指数,4. 交互项+残差动量+Beta变化
688739.SH,2026-07-20,医疗独立行情,0.0003017212128227283,59.03225806451613,5,中证申万医药生物指数,4. 交互项+残差动量+Beta变化
688758.SH,2026-07-20,医疗独立行情,-0.0014961501617872664,7.096774193548387,5,中证申万医药生物指数,4. 交互项+残差动量+Beta变化
688759.SH,2026-07-20,医疗独立行情,0.0015444462425281522,96.45161290322581,5,中证申万医药生物指数,4. 交互项+残差动量+Beta变化
688765.SH,2026-07-20,医疗独立行情,-0.0004771773876872009,25.806451612903224,5,中证申万医药生物指数,4. 交互项+残差动量+Beta变化
688767.SH,2026-07-20,医疗独立行情,-0.001149501213831547,10.64516129032258,5,中证申万医药生物指数,4. 交互项+残差动量+Beta变化
688796.SH,2026-07-20,医疗独立行情,0.0011889541353912866,91.61290322580645,5,中证申万医药生物指数,4. 交互项+残差动量+Beta变化
688799.SH,2026-07-20,医疗独立行情,0.001534773935529925,96.12903225806451,5,中证申万医药生物指数,4. 交互项+残差动量+Beta变化
688805.SH,2026-07-20,医疗独立行情,0.0012246097357018707,92.25806451612904,5,中证申万医药生物指数,4. 交互项+残差动量+Beta变化
920047.BJ,2026-07-20,医疗独立行情,-0.0030431149667391804,2.5806451612903225,5,中证申万医药生物指数,4. 交互项+残差动量+Beta变化
920982.BJ,2026-07-20,医疗独立行情,0.0009005020641090386,83.22580645161291,5,中证申万医药生物指数,4. 交互项+残差动量+Beta变化
000028.SZ,2026-07-20,医疗独立行情,0.0016219020764959241,60.322580645161295,20,中证申万医药生物指数,4. 交互项+残差动量+Beta变化
000078.SZ,2026-07-20,医疗独立行情,-0.014160492442058983,13.225806451612904,20,中证申万医药生物指数,4. 交互项+残差动量+Beta变化
000403.SZ,2026-07-20,医疗独立行情,-0.007991695506570319,23.225806451612904,20,中证申万医药生物指数,4. 交互项+残差动量+Beta变化
000411.SZ,2026-07-20,医疗独立行情,0.01485108006333706,87.41935483870968,20,中证申万医药生物指数,4. 交互项+残差动量+Beta变化
000423.SZ,2026-07-20,医疗独立行情,-0.0031653000304449398,42.25806451612903,20,中证申万医药生物指数,4. 交互项+残差动量+Beta变化
000513.SZ,2026-07-20,医疗独立行情,0.02672418503323829,93.54838709677419,20,中证申万医药生物指数,4. 交互项+残差动量+Beta变化
000516.SZ,2026-07-20,医疗独立行情,0.010259784326550406,81.93548387096774,20,中证申万医药生物指数,4. 交互项+残差动量+Beta变化
000534.SZ,2026-07-20,医疗独立行情,0.02795505934573461,94.51612903225806,20,中证申万医药生物指数,4. 交互项+残差动量+Beta变化
000538.SZ,2026-07-20,医疗独立行情,0.000354630826395582,54.516129032258064,20,中证申万医药生物指数,4. 交互项+残差动量+Beta变化
000566.SZ,2026-07-20,医疗独立行情,-0.033606531773841465,0.967741935483871,20,中证申万医药生物指数,4. 交互项+残差动量+Beta变化
000597.SZ,2026-07-20,医疗独立行情,-0.0031536867504861218,42.58064516129032,20,中证申万医药生物指数,4. 交互项+残差动量+Beta变化
000623.SZ,2026-07-20,医疗独立行情,0.011164011128875618,82.25806451612904,20,中证申万医药生物指数,4. 交互项+残差动量+Beta变化
000650.SZ,2026-07-20,医疗独立行情,0.00566148350401897,72.25806451612902,20,中证申万医药生物指数,4. 交互项+残差动量+Beta变化
000661.SZ,2026-07-20,医疗独立行情,-0.011250709919607735,18.387096774193548,20,中证申万医药生物指数,4. 交互项+残差动量+Beta变化
000739.SZ,2026-07-20,医疗独立行情,-0.007325073169191351,25.806451612903224,20,中证申万医药生物指数,4. 交互项+残差动量+Beta变化
000756.SZ,2026-07-20,医疗独立行情,-0.011190315975239241,18.70967741935484,20,中证申万医药生物指数,4. 交互项+残差动量+Beta变化
000766.SZ,2026-07-20,医疗独立行情,0.0293868704601964,95.80645161290322,20,中证申万医药生物指数,4. 交互项+残差动量+Beta变化
000813.SZ,2026-07-20,医疗独立行情,-0.007606396850127933,24.516129032258064,20,中证申万医药生物指数,4. 交互项+残差动量+Beta变化
000908.SZ,2026-07-20,医疗独立行情,-0.018354989457197348,7.419354838709677,20,中证申万医药生物指数,4. 交互项+残差动量+Beta变化
000915.SZ,2026-07-20,医疗独立行情,0.008434617583570407,78.70967741935485,20,中证申万医药生物指数,4. 交互项+残差动量+Beta变化
000950.SZ,2026-07-20,医疗独立行情,0.002702803945986089,64.19354838709678,20,中证申万医药生物指数,4. 交互项+残差动量+Beta变化
000963.SZ,2026-07-20,医疗独立行情,-0.009130842255746998,21.935483870967744,20,中证申万医药生物指数,4. 交互项+残差动量+Beta变化
000989.SZ,2026-07-20,医疗独立行情,-0.003891811206899599,39.35483870967742,20,中证申万医药生物指数,4. 交互项+残差动量+Beta变化
000999.SZ,2026-07-20,医疗独立行情,-0.007228155460374763,26.7741935483871,20,中证申万医药生物指数,4. 交互项+残差动量+Beta变化
002001.SZ,2026-07-20,医疗独立行情,0.005433543748000879,71.93548387096774,20,中证申万医药生物指数,4. 交互项+残差动量+Beta变化
002004.SZ,2026-07-20,医疗独立行情,0.0068817135619422395,75.48387096774194,20,中证申万医药生物指数,4. 交互项+残差动量+Beta变化
002007.SZ,2026-07-20,医疗独立行情,-0.004900144557626411,36.12903225806451,20,中证申万医药生物指数,4. 交互项+残差动量+Beta变化
002019.SZ,2026-07-20,医疗独立行情,-0.0016000885439623799,47.74193548387097,20,中证申万医药生物指数,4. 交互项+残差动量+Beta变化
002020.SZ,2026-07-20,医疗独立行情,-0.014062993127612451,14.193548387096774,20,中证申万医药生物指数,4. 交互项+残差动量+Beta变化
002030.SZ,2026-07-20,医疗独立行情,0.01383478581619497,86.45161290322581,20,中证申万医药生物指数,4. 交互项+残差动量+Beta变化
002038.SZ,2026-07-20,医疗独立行情,-0.020105213577719293,6.129032258064516,20,中证申万医药生物指数,4. 交互项+残差动量+Beta变化
002044.SZ,2026-07-20,医疗独立行情,0.028850216085690664,95.48387096774194,20,中证申万医药生物指数,4. 交互项+残差动量+Beta变化
002065.SZ,2026-07-20,医疗独立行情,0.030001494096067866,96.12903225806451,20,中证申万医药生物指数,4. 交互项+残差动量+Beta变化
002082.SZ,2026-07-20,医疗独立行情,0.0050698415703685495,70.96774193548387,20,中证申万医药生物指数,4. 交互项+残差动量+Beta变化
002099.SZ,2026-07-20,医疗独立行情,0.005199264851819319,71.29032258064515,20,中证申万医药生物指数,4. 交互项+残差动量+Beta变化
002102.SZ,2026-07-20,医疗独立行情,0.002277630708415822,62.903225806451616,20,中证申万医药生物指数,4. 交互项+残差动量+Beta变化
002173.SZ,2026-07-20,医疗独立行情,-0.002956520388812609,43.87096774193549,20,中证申万医药生物指数,4. 交互项+残差动量+Beta变化
002219.SZ,2026-07-20,医疗独立行情,0.002670469955412674,63.87096774193548,20,中证申万医药生物指数,4. 交互项+残差动量+Beta变化
002223.SZ,2026-07-20,医疗独立行情,0.007109353112967744,75.80645161290323,20,中证申万医药生物指数,4. 交互项+残差动量+Beta变化
002250.SZ,2026-07-20,医疗独立行情,-0.002273823098956252,45.483870967741936,20,中证申万医药生物指数,4. 交互项+残差动量+Beta变化
002252.SZ,2026-07-20,医疗独立行情,-0.0075845242420594094,24.838709677419356,20,中证申万医药生物指数,4. 交互项+残差动量+Beta变化
002262.SZ,2026-07-20,医疗独立行情,-0.009569754309411866,20.967741935483872,20,中证申万医药生物指数,4. 交互项+残差动量+Beta变化
002275.SZ,2026-07-20,医疗独立行情,-0.0015128579045411371,48.064516129032256,20,中证申万医药生物指数,4. 交互项+残差动量+Beta变化
002287.SZ,2026-07-20,医疗独立行情,-0.004102385018939344,37.41935483870968,20,中证申万医药生物指数,4. 交互项+残差动量+Beta变化
002294.SZ,2026-07-20,医疗独立行情,-0.021379479205478686,5.483870967741936,20,中证申万医药生物指数,4. 交互项+残差动量+Beta变化
002317.SZ,2026-07-20,医疗独立行情,-0.009707117341682532,20.64516129032258,20,中证申万医药生物指数,4. 交互项+残差动量+Beta变化
002332.SZ,2026-07-20,医疗独立行情,0.005791018416492479,72.90322580645162,20,中证申万医药生物指数,4. 交互项+残差动量+Beta变化
002349.SZ,2026-07-20,医疗独立行情,0.003682931965467579,66.77419354838709,20,中证申万医药生物指数,4. 交互项+残差动量+Beta变化
002382.SZ,2026-07-20,医疗独立行情,-0.0031014401827149287,42.90322580645161,20,中证申万医药生物指数,4. 交互项+残差动量+Beta变化
002390.SZ,2026-07-20,医疗独立行情,0.0043803208712369784,69.03225806451613,20,中证申万医药生物指数,4. 交互项+残差动量+Beta变化
002399.SZ,2026-07-20,医疗独立行情,-0.00813116842689226,22.903225806451612,20,中证申万医药生物指数,4. 交互项+残差动量+Beta变化
002422.SZ,2026-07-20,医疗独立行情,-0.01666113275699348,9.032258064516128,20,中证申万医药生物指数,4. 交互项+残差动量+Beta变化
002424.SZ,2026-07-20,医疗独立行情,0.009135232382957652,80.0,20,中证申万医药生物指数,4. 交互项+残差动量+Beta变化
002432.SZ,2026-07-20,医疗独立行情,0.02484369599324592,93.2258064516129,20,中证申万医药生物指数,4. 交互项+残差动量+Beta变化
002437.SZ,2026-07-20,医疗独立行情,-0.0053266464950009655,34.193548387096776,20,中证申万医药生物指数,4. 交互项+残差动量+Beta变化
002550.SZ,2026-07-20,医疗独立行情,-0.01256690632702578,16.451612903225808,20,中证申万医药生物指数,4. 交互项+残差动量+Beta变化
002603.SZ,2026-07-20,医疗独立行情,-0.0049961009538834825,35.80645161290323,20,中证申万医药生物指数,4. 交互项+残差动量+Beta变化
002626.SZ,2026-07-20,医疗独立行情,0.011542636100847572,83.22580645161291,20,中证申万医药生物指数,4. 交互项+残差动量+Beta变化
002653.SZ,2026-07-20,医疗独立行情,-0.021809022186148937,5.161290322580645,20,中证申万医药生物指数,4. 交互项+残差动量+Beta变化
002675.SZ,2026-07-20,医疗独立行情,0.00930806917920264,80.3225806451613,20,中证申万医药生物指数,4. 交互项+残差动量+Beta变化
002727.SZ,2026-07-20,医疗独立行情,-0.0018132662379486647,47.41935483870968,20,中证申万医药生物指数,4. 交互项+残差动量+Beta变化
002728.SZ,2026-07-20,医疗独立行情,-0.004868125396916318,36.45161290322581,20,中证申万医药生物指数,4. 交互项+残差动量+Beta变化
002737.SZ,2026-07-20,医疗独立行情,-0.002502011990994745,44.193548387096776,20,中证申万医药生物指数,4. 交互项+残差动量+Beta变化
002755.SZ,2026-07-20,医疗独立行情,-0.007554036125544851,25.161290322580644,20,中证申万医药生物指数,4. 交互项+残差动量+Beta变化
002773.SZ,2026-07-20,医疗独立行情,-0.0007719297849678295,52.25806451612903,20,中证申万医药生物指数,4. 交互项+残差动量+Beta变化
002793.SZ,2026-07-20,医疗独立行情,-0.006902268695005216,28.064516129032256,20,中证申万医药生物指数,4. 交互项+残差动量+Beta变化
002821.SZ,2026-07-20,医疗独立行情,-0.006481812272657437,29.354838709677416,20,中证申万医药生物指数,4. 交互项+残差动量+Beta变化
002901.SZ,2026-07-20,医疗独立行情,0.004351893986721157,68.70967741935485,20,中证申万医药生物指数,4. 交互项+残差动量+Beta变化
002907.SZ,2026-07-20,医疗独立行情,0.0012192488825470285,58.387096774193544,20,中证申万医药生物指数,4. 交互项+残差动量+Beta变化
002940.SZ,2026-07-20,医疗独立行情,-0.01921649364260981,6.774193548387098,20,中证申万医药生物指数,4. 交互项+残差动量+Beta变化
002950.SZ,2026-07-20,医疗独立行情,-0.0015023460747712308,48.38709677419355,20,中证申万医药生物指数,4. 交互项+残差动量+Beta变化
300003.SZ,2026-07-20,医疗独立行情,-0.004840331653027317,36.774193548387096,20,中证申万医药生物指数,4. 交互项+残差动量+Beta变化
300006.SZ,2026-07-20,医疗独立行情,0.0074407870301499085,77.09677419354838,20,中证申万医药生物指数,4. 交互项+残差动量+Beta变化
300009.SZ,2026-07-20,医疗独立行情,-0.00010531825994384969,53.2258064516129,20,中证申万医药生物指数,4. 交互项+残差动量+Beta变化
300015.SZ,2026-07-20,医疗独立行情,-0.0013868779530253254,49.03225806451613,20,中证申万医药生物指数,4. 交互项+残差动量+Beta变化
300026.SZ,2026-07-20,医疗独立行情,-0.0007830957440057947,51.935483870967744,20,中证申万医药生物指数,4. 交互项+残差动量+Beta变化
300039.SZ,2026-07-20,医疗独立行情,-0.012819991868006123,16.129032258064516,20,中证申万医药生物指数,4. 交互项+残差动量+Beta变化
300049.SZ,2026-07-20,医疗独立行情,-0.0018471177957018077,47.096774193548384,20,中证申万医药生物指数,4. 交互项+残差动量+Beta变化
300109.SZ,2026-07-20,医疗独立行情,0.02692455508455263,93.87096774193549,20,中证申万医药生物指数,4. 交互项+残差动量+Beta变化
300119.SZ,2026-07-20,医疗独立行情,0.0016883310898387763,60.967741935483865,20,中证申万医药生物指数,4. 交互项+残差动量+Beta变化
300122.SZ,2026-07-20,医疗独立行情,-0.003062268861072405,43.225806451612904,20,中证申万医药生物指数,4. 交互项+残差动量+Beta变化
300142.SZ,2026-07-20,医疗独立行情,0.0049755916611971505,70.64516129032258,20,中证申万医药生物指数,4. 交互项+残差动量+Beta变化
300143.SZ,2026-07-20,医疗独立行情,0.0029789767980147853,64.83870967741936,20,中证申万医药生物指数,4. 交互项+残差动量+Beta变化
300146.SZ,2026-07-20,医疗独立行情,0.00966331567108095,81.29032258064515,20,中证申万医药生物指数,4. 交互项+残差动量+Beta变化
300158.SZ,2026-07-20,医疗独立行情,0.0035500275804924318,66.12903225806451,20,中证申万医药生物指数,4. 交互项+残差动量+Beta变化
300171.SZ,2026-07-20,医疗独立行情,0.0007195561433601672,56.451612903225815,20,中证申万医药生物指数,4. 交互项+残差动量+Beta变化
300181.SZ,2026-07-20,医疗独立行情,-0.0051969982950353984,34.516129032258064,20,中证申万医药生物指数,4. 交互项+残差动量+Beta变化
300199.SZ,2026-07-20,医疗独立行情,0.015604767510853868,88.70967741935483,20,中证申万医药生物指数,4. 交互项+残差动量+Beta变化
300204.SZ,2026-07-20,医疗独立行情,-0.02646582280304491,4.193548387096775,20,中证申万医药生物指数,4. 交互项+残差动量+Beta变化
300206.SZ,2026-07-20,医疗独立行情,0.022100897350698718,91.93548387096774,20,中证申万医药生物指数,4. 交互项+残差动量+Beta变化
300233.SZ,2026-07-20,医疗独立行情,-0.0019514988486749548,46.774193548387096,20,中证申万医药生物指数,4. 交互项+残差动量+Beta变化
300244.SZ,2026-07-20,医疗独立行情,0.0013862885950894487,58.70967741935483,20,中证申万医药生物指数,4. 交互项+残差动量+Beta变化
300253.SZ,2026-07-20,医疗独立行情,0.016648703316856833,89.35483870967742,20,中证申万医药生物指数,4. 交互项+残差动量+Beta变化
300255.SZ,2026-07-20,医疗独立行情,-0.033231044745551185,1.2903225806451613,20,中证申万医药生物指数,4. 交互项+残差动量+Beta变化
300267.SZ,2026-07-20,医疗独立行情,0.016547997797793076,89.03225806451613,20,中证申万医药生物指数,4. 交互项+残差动量+Beta变化
300294.SZ,2026-07-20,医疗独立行情,-0.005785227007429269,31.93548387096774,20,中证申万医药生物指数,4. 交互项+残差动量+Beta变化
300298.SZ,2026-07-20,医疗独立行情,-0.001031704876418217,50.0,20,中证申万医药生物指数,4. 交互项+残差动量+Beta变化
300341.SZ,2026-07-20,医疗独立行情,0.032218522609543325,97.41935483870968,20,中证申万医药生物指数,4. 交互项+残差动量+Beta变化
300347.SZ,2026-07-20,医疗独立行情,-0.014136629866320732,13.870967741935484,20,中证申万医药生物指数,4. 交互项+残差动量+Beta变化
300357.SZ,2026-07-20,医疗独立行情,-0.011287389043131086,18.064516129032256,20,中证申万医药生物指数,4. 交互项+残差动量+Beta变化
300358.SZ,2026-07-20,医疗独立行情,0.007197784782669658,76.45161290322581,20,中证申万医药生物指数,4. 交互项+残差动量+Beta变化
300363.SZ,2026-07-20,医疗独立行情,-0.01488387115697689,11.935483870967742,20,中证申万医药生物指数,4. 交互项+残差动量+Beta变化
300401.SZ,2026-07-20,医疗独立行情,0.038766868621757905,99.03225806451613,20,中证申万医药生物指数,4. 交互项+残差动量+Beta变化
300406.SZ,2026-07-20,医疗独立行情,0.010185901923283242,81.61290322580645,20,中证申万医药生物指数,4. 交互项+残差动量+Beta变化
300436.SZ,2026-07-20,医疗独立行情,0.0010641187084938222,57.74193548387097,20,中证申万医药生物指数,4. 交互项+残差动量+Beta变化
300451.SZ,2026-07-20,医疗独立行情,0.011761682376817408,83.87096774193549,20,中证申万医药生物指数,4. 交互项+残差动量+Beta变化
300463.SZ,2026-07-20,医疗独立行情,0.008756645388156325,79.6774193548387,20,中证申万医药生物指数,4. 交互项+残差动量+Beta变化
300482.SZ,2026-07-20,医疗独立行情,0.01130726958181333,82.58064516129032,20,中证申万医药生物指数,4. 交互项+残差动量+Beta变化
300497.SZ,2026-07-20,医疗独立行情,0.0322037939704855,97.09677419354838,20,中证申万医药生物指数,4. 交互项+残差动量+Beta变化
300529.SZ,2026-07-20,医疗独立行情,-0.007039963700098205,27.09677419354839,20,中证申万医药生物指数,4. 交互项+残差动量+Beta变化
300558.SZ,2026-07-20,医疗独立行情,0.007920836139536872,77.74193548387098,20,中证申万医药生物指数,4. 交互项+残差动量+Beta变化
300573.SZ,2026-07-20,医疗独立行情,-0.004032625019205134,38.70967741935484,20,中证申万医药生物指数,4. 交互项+残差动量+Beta变化
300595.SZ,2026-07-20,医疗独立行情,-0.0008279224181946077,50.645161290322584,20,中证申万医药生物指数,4. 交互项+残差动量+Beta变化
300601.SZ,2026-07-20,医疗独立行情,-0.003974956948053806,39.03225806451613,20,中证申万医药生物指数,4. 交互项+残差动量+Beta变化
300633.SZ,2026-07-20,医疗独立行情,-0.003298261115973351,41.935483870967744,20,中证申万医药生物指数,4. 交互项+残差动量+Beta变化
300676.SZ,2026-07-20,医疗独立行情,0.012985618067310118,85.48387096774194,20,中证申万医药生物指数,4. 交互项+残差动量+Beta变化
300677.SZ,2026-07-20,医疗独立行情,-0.009290797064336121,21.612903225806452,20,中证申万医药生物指数,4. 交互项+残差动量+Beta变化
300685.SZ,2026-07-20,医疗独立行情,-0.004096811012929607,38.064516129032256,20,中证申万医药生物指数,4. 交互项+残差动量+Beta变化
300702.SZ,2026-07-20,医疗独立行情,0.006172814860109997,73.54838709677419,20,中证申万医药生物指数,4. 交互项+残差动量+Beta变化
300705.SZ,2026-07-20,医疗独立行情,-0.008461875319039963,22.258064516129032,20,中证申万医药生物指数,4. 交互项+残差动量+Beta变化
300723.SZ,2026-07-20,医疗独立行情,-0.012079564553685853,17.096774193548388,20,中证申万医药生物指数,4. 交互项+残差动量+Beta变化
300725.SZ,2026-07-20,医疗独立行情,0.0008039368949931922,56.774193548387096,20,中证申万医药生物指数,4. 交互项+残差动量+Beta变化
300759.SZ,2026-07-20,医疗独立行情,-0.017392769372009682,8.709677419354838,20,中证申万医药生物指数,4. 交互项+残差动量+Beta变化
300760.SZ,2026-07-20,医疗独立行情,0.003690333329879585,67.0967741935484,20,中证申万医药生物指数,4. 交互项+残差动量+Beta变化
300765.SZ,2026-07-20,医疗独立行情,-0.017877021480872,7.741935483870968,20,中证申万医药生物指数,4. 交互项+残差动量+Beta变化
300832.SZ,2026-07-20,医疗独立行情,0.0003362341205954909,54.19354838709678,20,中证申万医药生物指数,4. 交互项+残差动量+Beta变化
300841.SZ,2026-07-20,医疗独立行情,0.00573095637420132,72.58064516129032,20,中证申万医药生物指数,4. 交互项+残差动量+Beta变化
300888.SZ,2026-07-20,医疗独立行情,0.0014309438994387622,59.354838709677416,20,中证申万医药生物指数,4. 交互项+残差动量+Beta变化
300896.SZ,2026-07-20,医疗独立行情,-0.0021126188059414,46.12903225806452,20,中证申万医药生物指数,4. 交互项+残差动量+Beta变化
301015.SZ,2026-07-20,医疗独立行情,0.0019084307807265882,61.29032258064516,20,中证申万医药生物指数,4. 交互项+残差动量+Beta变化
301017.SZ,2026-07-20,医疗独立行情,0.014543968926086368,87.09677419354838,20,中证申万医药生物指数,4. 交互项+残差动量+Beta变化
301047.SZ,2026-07-20,医疗独立行情,-0.004063998634079847,38.387096774193544,20,中证申万医药生物指数,4. 交互项+残差动量+Beta变化
301080.SZ,2026-07-20,医疗独立行情,-0.0011090309863572934,49.67741935483871,20,中证申万医药生物指数,4. 交互项+残差动量+Beta变化
301087.SZ,2026-07-20,医疗独立行情,-0.003887546335215757,39.67741935483871,20,中证申万医药生物指数,4. 交互项+残差动量+Beta变化
301093.SZ,2026-07-20,医疗独立行情,0.047895726821760264,100.0,20,中证申万医药生物指数,4. 交互项+残差动量+Beta变化
301096.SZ,2026-07-20,医疗独立行情,0.022208918651391824,92.25806451612904,20,中证申万医药生物指数,4. 交互项+残差动量+Beta变化
301188.SZ,2026-07-20,医疗独立行情,0.03415636279264746,98.06451612903226,20,中证申万医药生物指数,4. 交互项+残差动量+Beta变化
301201.SZ,2026-07-20,医疗独立行情,0.008578641496197734,79.03225806451613,20,中证申万医药生物指数,4. 交互项+残差动量+Beta变化
301207.SZ,2026-07-20,医疗独立行情,0.000872705412599383,57.41935483870968,20,中证申万医药生物指数,4. 交互项+残差动量+Beta变化
301211.SZ,2026-07-20,医疗独立行情,-0.026855750691656688,3.5483870967741935,20,中证申万医药生物指数,4. 交互项+残差动量+Beta变化
301230.SZ,2026-07-20,医疗独立行情,-0.014191239616770275,12.580645161290322,20,中证申万医药生物指数,4. 交互项+残差动量+Beta变化
301235.SZ,2026-07-20,医疗独立行情,0.039197360829051224,99.35483870967742,20,中证申万医药生物指数,4. 交互项+残差动量+Beta变化
301246.SZ,2026-07-20,医疗独立行情,0.03001864599386231,96.45161290322581,20,中证申万医药生物指数,4. 交互项+残差动量+Beta变化
301263.SZ,2026-07-20,医疗独立行情,-0.015177072281626342,11.612903225806452,20,中证申万医药生物指数,4. 交互项+残差动量+Beta变化
301267.SZ,2026-07-20,医疗独立行情,0.003976191095096016,68.06451612903226,20,中证申万医药生物指数,4. 交互项+残差动量+Beta变化
301281.SZ,2026-07-20,医疗独立行情,0.031466283522244246,96.7741935483871,20,中证申万医药生物指数,4. 交互项+残差动量+Beta变化
301293.SZ,2026-07-20,医疗独立行情,0.0093937054955844,80.64516129032258,20,中证申万医药生物指数,4. 交互项+残差动量+Beta变化
301301.SZ,2026-07-20,医疗独立行情,-0.0007911190445061498,51.61290322580645,20,中证申万医药生物指数,4. 交互项+残差动量+Beta变化
301333.SZ,2026-07-20,医疗独立行情,-0.013744539858146661,15.483870967741936,20,中证申万医药生物指数,4. 交互项+残差动量+Beta变化
301363.SZ,2026-07-20,医疗独立行情,0.024539760374067535,92.90322580645162,20,中证申万医药生物指数,4. 交互项+残差动量+Beta变化
301367.SZ,2026-07-20,医疗独立行情,-0.01586007331215177,10.64516129032258,20,中证申万医药生物指数,4. 交互项+残差动量+Beta变化
301393.SZ,2026-07-20,医疗独立行情,0.006756363964891889,74.83870967741936,20,中证申万医药生物指数,4. 交互项+残差动量+Beta变化
301408.SZ,2026-07-20,医疗独立行情,-0.0005834214866935903,52.58064516129032,20,中证申万医药生物指数,4. 交互项+残差动量+Beta变化
301580.SZ,2026-07-20,医疗独立行情,0.019431057755038124,90.32258064516128,20,中证申万医药生物指数,4. 交互项+残差动量+Beta变化
301584.SZ,2026-07-20,医疗独立行情,0.0023366615583915347,63.54838709677419,20,中证申万医药生物指数,4. 交互项+残差动量+Beta变化
301602.SZ,2026-07-20,医疗独立行情,0.0016243784865127738,60.64516129032258,20,中证申万医药生物指数,4. 交互项+残差动量+Beta变化
600055.SH,2026-07-20,医疗独立行情,0.002239441026862306,62.58064516129033,20,中证申万医药生物指数,4. 交互项+残差动量+Beta变化
600056.SH,2026-07-20,医疗独立行情,-0.0035418113648264895,41.29032258064516,20,中证申万医药生物指数,4. 交互项+残差动量+Beta变化
600062.SH,2026-07-20,医疗独立行情,-0.005590331307510501,32.25806451612903,20,中证申万医药生物指数,4. 交互项+残差动量+Beta变化
600079.SH,2026-07-20,医疗独立行情,0.0022851862519150303,63.2258064516129,20,中证申万医药生物指数,4. 交互项+残差动量+Beta变化
600085.SH,2026-07-20,医疗独立行情,-0.007235193425497343,26.451612903225808,20,中证申万医药生物指数,4. 交互项+残差动量+Beta变化
600129.SH,2026-07-20,医疗独立行情,-0.006095634718066874,31.290322580645164,20,中证申万医药生物指数,4. 交互项+残差动量+Beta变化
600161.SH,2026-07-20,医疗独立行情,-0.0073866634908420475,25.483870967741932,20,中证申万医药生物指数,4. 交互项+残差动量+Beta变化
600196.SH,2026-07-20,医疗独立行情,-0.006466760242902453,29.677419354838708,20,中证申万医药生物指数,4. 交互项+残差动量+Beta变化
600201.SH,2026-07-20,医疗独立行情,0.012681858820179606,84.83870967741936,20,中证申万医药生物指数,4. 交互项+残差动量+Beta变化
600211.SH,2026-07-20,医疗独立行情,0.002100401422874762,61.61290322580645,20,中证申万医药生物指数,4. 交互项+残差动量+Beta变化
600216.SH,2026-07-20,医疗独立行情,-0.007269875469555752,26.129032258064516,20,中证申万医药生物指数,4. 交互项+残差动量+Beta变化
600252.SH,2026-07-20,医疗独立行情,-0.006453102999405839,30.0,20,中证申万医药生物指数,4. 交互项+残差动量+Beta变化
600267.SH,2026-07-20,医疗独立行情,-0.005106235669081423,34.83870967741935,20,中证申万医药生物指数,4. 交互项+残差动量+Beta变化
600276.SH,2026-07-20,医疗独立行情,-0.0043733722417619485,37.096774193548384,20,中证申万医药生物指数,4. 交互项+残差动量+Beta变化
600285.SH,2026-07-20,医疗独立行情,0.0011918896782213053,58.06451612903226,20,中证申万医药生物指数,4. 交互项+残差动量+Beta变化
600299.SH,2026-07-20,医疗独立行情,0.009410820308937369,80.96774193548387,20,中证申万医药生物指数,4. 交互项+残差动量+Beta变化
600329.SH,2026-07-20,医疗独立行情,0.00469024211510174,69.6774193548387,20,中证申万医药生物指数,4. 交互项+残差动量+Beta变化
600332.SH,2026-07-20,医疗独立行情,0.0008488108943671315,57.096774193548384,20,中证申万医药生物指数,4. 交互项+残差动量+Beta变化
600380.SH,2026-07-20,医疗独立行情,-0.003610258850388183,40.64516129032258,20,中证申万医药生物指数,4. 交互项+残差动量+Beta变化
600420.SH,2026-07-20,医疗独立行情,-0.006356769870042428,30.32258064516129,20,中证申万医药生物指数,4. 交互项+残差动量+Beta变化
600422.SH,2026-07-20,医疗独立行情,-0.013900122749227115,14.516129032258066,20,中证申万医药生物指数,4. 交互项+残差动量+Beta变化
600436.SH,2026-07-20,医疗独立行情,-0.016032764878227232,10.0,20,中证申万医药生物指数,4. 交互项+残差动量+Beta变化
600488.SH,2026-07-20,医疗独立行情,-0.03181108850182256,1.935483870967742,20,中证申万医药生物指数,4. 交互项+残差动量+Beta变化
600511.SH,2026-07-20,医疗独立行情,0.008233502377516475,78.38709677419354,20,中证申万医药生物指数,4. 交互项+残差动量+Beta变化
600513.SH,2026-07-20,医疗独立行情,-0.0008452724237099196,50.32258064516129,20,中证申万医药生物指数,4. 交互项+残差动量+Beta变化
600518.SH,2026-07-20,医疗独立行情,-0.0033673174341936,41.612903225806456,20,中证申万医药生物指数,4. 交互项+残差动量+Beta变化
600521.SH,2026-07-20,医疗独立行情,-0.0023604923937789422,44.83870967741935,20,中证申万医药生物指数,4. 交互项+残差动量+Beta变化
600529.SH,2026-07-20,医疗独立行情,0.02011645179345117,90.64516129032259,20,中证申万医药生物指数,4. 交互项+残差动量+Beta变化
600535.SH,2026-07-20,医疗独立行情,-0.005996557799950419,31.61290322580645,20,中证申万医药生物指数,4. 交互项+残差动量+Beta变化
600557.SH,2026-07-20,医疗独立行情,-0.013885995241898987,14.838709677419354,20,中证申万医药生物指数,4. 交互项+残差动量+Beta变化
600566.SH,2026-07-20,医疗独立行情,0.004961527932203963,70.3225806451613,20,中证申万医药生物指数,4. 交互项+残差动量+Beta变化
600572.SH,2026-07-20,医疗独立行情,0.006716007386610151,74.51612903225806,20,中证申万医药生物指数,4. 交互项+残差动量+Beta变化
600587.SH,2026-07-20,医疗独立行情,-0.006878792929295141,28.387096774193548,20,中证申万医药生物指数,4. 交互项+残差动量+Beta变化
600645.SH,2026-07-20,医疗独立行情,-0.004996393766019296,35.483870967741936,20,中证申万医药生物指数,4. 交互项+残差动量+Beta变化
600664.SH,2026-07-20,医疗独立行情,-0.028208671197254825,2.5806451612903225,20,中证申万医药生物指数,4. 交互项+残差动量+Beta变化
600713.SH,2026-07-20,医疗独立行情,0.011693098804873061,83.54838709677419,20,中证申万医药生物指数,4. 交互项+残差动量+Beta变化
600718.SH,2026-07-20,医疗独立行情,0.013993995537161488,86.7741935483871,20,中证申万医药生物指数,4. 交互项+残差动量+Beta变化
600739.SH,2026-07-20,医疗独立行情,0.007109867317697967,76.12903225806451,20,中证申万医药生物指数,4. 交互项+残差动量+Beta变化
600750.SH,2026-07-20,医疗独立行情,0.00046669166848617883,55.483870967741936,20,中证申万医药生物指数,4. 交互项+残差动量+Beta变化
600763.SH,2026-07-20,医疗独立行情,-0.0035858268727523126,40.96774193548387,20,中证申万医药生物指数,4. 交互项+残差动量+Beta变化
600771.SH,2026-07-20,医疗独立行情,-0.010535390591505066,19.35483870967742,20,中证申万医药生物指数,4. 交互项+残差动量+Beta变化
600789.SH,2026-07-20,医疗独立行情,-0.005359549380310976,33.87096774193548,20,中证申万医药生物指数,4. 交互项+残差动量+Beta变化
600812.SH,2026-07-20,医疗独立行情,-0.011704398065676731,17.741935483870968,20,中证申万医药生物指数,4. 交互项+残差动量+Beta变化
600829.SH,2026-07-20,医疗独立行情,-0.0007967267049123494,51.29032258064517,20,中证申万医药生物指数,4. 交互项+残差动量+Beta变化
600851.SH,2026-07-20,医疗独立行情,0.020360487020167423,91.61290322580645,20,中证申万医药生物指数,4. 交互项+残差动量+Beta变化
600867.SH,2026-07-20,医疗独立行情,-0.009869339987880296,20.32258064516129,20,中证申万医药生物指数,4. 交互项+残差动量+Beta变化
600993.SH,2026-07-20,医疗独立行情,0.003897632559010451,67.41935483870968,20,中证申万医药生物指数,4. 交互项+残差动量+Beta变化
600998.SH,2026-07-20,医疗独立行情,0.011856975719387035,84.19354838709677,20,中证申万医药生物指数,4. 交互项+残差动量+Beta变化
601089.SH,2026-07-20,医疗独立行情,-0.007013511668738995,27.419354838709676,20,中证申万医药生物指数,4. 交互项+残差动量+Beta变化
601515.SH,2026-07-20,医疗独立行情,0.028618954822792298,95.16129032258065,20,中证申万医药生物指数,4. 交互项+残差动量+Beta变化
601607.SH,2026-07-20,医疗独立行情,0.0015032794982331285,60.0,20,中证申万医药生物指数,4. 交互项+残差动量+Beta变化
603014.SH,2026-07-20,医疗独立行情,0.004142661450235849,68.38709677419355,20,中证申万医药生物指数,4. 交互项+残差动量+Beta变化
603087.SH,2026-07-20,医疗独立行情,0.00037338082627894076,54.83870967741935,20,中证申万医药生物指数,4. 交互项+残差动量+Beta变化
603108.SH,2026-07-20,医疗独立行情,0.015136197072706692,87.74193548387098,20,中证申万医药生物指数,4. 交互项+残差动量+Beta变化
603127.SH,2026-07-20,医疗独立行情,-0.013630290727798772,15.806451612903224,20,中证申万医药生物指数,4. 交互项+残差动量+Beta变化
603222.SH,2026-07-20,医疗独立行情,0.022525625367465215,92.58064516129032,20,中证申万医药生物指数,4. 交互项+残差动量+Beta变化
603229.SH,2026-07-20,医疗独立行情,-0.0024285054522584725,44.516129032258064,20,中证申万医药生物指数,4. 交互项+残差动量+Beta变化
603233.SH,2026-07-20,医疗独立行情,-0.0023585563142951168,45.16129032258064,20,中证申万医药生物指数,4. 交互项+残差动量+Beta变化
603259.SH,2026-07-20,医疗独立行情,0.00333656828302786,65.48387096774194,20,中证申万医药生物指数,4. 交互项+残差动量+Beta变化
603301.SH,2026-07-20,医疗独立行情,0.028053077522022418,94.83870967741936,20,中证申万医药生物指数,4. 交互项+残差动量+Beta变化
603367.SH,2026-07-20,医疗独立行情,-0.004097788209568763,37.74193548387097,20,中证申万医药生物指数,4. 交互项+残差动量+Beta变化
603368.SH,2026-07-20,医疗独立行情,0.004497399367527912,69.35483870967742,20,中证申万医药生物指数,4. 交互项+残差动量+Beta变化
603392.SH,2026-07-20,医疗独立行情,-0.0054620024516852175,33.5483870967742,20,中证申万医药生物指数,4. 交互项+残差动量+Beta变化
603456.SH,2026-07-20,医疗独立行情,-0.010777405195606776,19.032258064516128,20,中证申万医药生物指数,4. 交互项+残差动量+Beta变化
603538.SH,2026-07-20,医疗独立行情,-0.027168250115062464,3.225806451612903,20,中证申万医药生物指数,4. 交互项+残差动量+Beta变化
603590.SH,2026-07-20,医疗独立行情,-0.01415316571032812,13.548387096774196,20,中证申万医药生物指数,4. 交互项+残差动量+Beta变化
603658.SH,2026-07-20,医疗独立行情,0.0006525104271993802,56.12903225806451,20,中证申万医药生物指数,4. 交互项+残差动量+Beta变化
603669.SH,2026-07-20,医疗独立行情,0.013348861470939747,86.12903225806451,20,中证申万医药生物指数,4. 交互项+残差动量+Beta变化
603707.SH,2026-07-20,医疗独立行情,-0.010465048683909451,19.67741935483871,20,中证申万医药生物指数,4. 交互项+残差动量+Beta变化
603858.SH,2026-07-20,医疗独立行情,0.006663491128510021,74.19354838709677,20,中证申万医药生物指数,4. 交互项+残差动量+Beta变化
603882.SH,2026-07-20,医疗独立行情,0.0061195356901905355,73.22580645161291,20,中证申万医药生物指数,4. 交互项+残差动量+Beta变化
603883.SH,2026-07-20,医疗独立行情,0.0003839928229383299,55.16129032258065,20,中证申万医药生物指数,4. 交互项+残差动量+Beta变化
603939.SH,2026-07-20,医疗独立行情,-0.000825087931046781,50.967741935483865,20,中证申万医药生物指数,4. 交互项+残差动量+Beta变化
605116.SH,2026-07-20,医疗独立行情,-0.010375504952114095,20.0,20,中证申万医药生物指数,4. 交互项+残差动量+Beta变化
605507.SH,2026-07-20,医疗独立行情,-0.007857293627371796,23.870967741935484,20,中证申万医药生物指数,4. 交互项+残差动量+Beta变化
688016.SH,2026-07-20,医疗独立行情,0.005411330160091436,71.61290322580646,20,中证申万医药生物指数,4. 交互项+残差动量+Beta变化
688029.SH,2026-07-20,医疗独立行情,-0.0011971658123117648,49.354838709677416,20,中证申万医药生物指数,4. 交互项+残差动量+Beta变化
688046.SH,2026-07-20,医疗独立行情,-0.0038307230728729753,40.0,20,中证申万医药生物指数,4. 交互项+残差动量+Beta变化
688050.SH,2026-07-20,医疗独立行情,0.0014326208159942482,59.67741935483871,20,中证申万医药生物指数,4. 交互项+残差动量+Beta变化
688062.SH,2026-07-20,医疗独立行情,-0.01631732048087784,9.67741935483871,20,中证申万医药生物指数,4. 交互项+残差动量+Beta变化
688068.SH,2026-07-20,医疗独立行情,-0.03806250274087467,0.6451612903225806,20,中证申万医药生物指数,4. 交互项+残差动量+Beta变化
688076.SH,2026-07-20,医疗独立行情,0.0032820997753098854,65.16129032258064,20,中证申万医药生物指数,4. 交互项+残差动量+Beta变化
688091.SH,2026-07-20,医疗独立行情,-1.841399453005858e-05,53.5483870967742,20,中证申万医药生物指数,4. 交互项+残差动量+Beta变化
688105.SH,2026-07-20,医疗独立行情,-0.006980853873475738,27.741935483870968,20,中证申万医药生物指数,4. 交互项+残差动量+Beta变化
688108.SH,2026-07-20,医疗独立行情,0.008052675842052477,78.06451612903226,20,中证申万医药生物指数,4. 交互项+残差动量+Beta变化
688114.SH,2026-07-20,医疗独立行情,0.012926123053382954,85.16129032258064,20,中证申万医药生物指数,4. 交互项+残差动量+Beta变化
688117.SH,2026-07-20,医疗独立行情,-0.0063410385519686195,30.64516129032258,20,中证申万医药生物指数,4. 交互项+残差动量+Beta变化
688131.SH,2026-07-20,医疗独立行情,0.0013958079227139246,59.03225806451613,20,中证申万医药生物指数,4. 交互项+残差动量+Beta变化
688139.SH,2026-07-20,医疗独立行情,0.006474188247700486,73.87096774193549,20,中证申万医药生物指数,4. 交互项+残差动量+Beta变化
688151.SH,2026-07-20,医疗独立行情,0.015544991442716937,88.06451612903226,20,中证申万医药生物指数,4. 交互项+残差动量+Beta变化
688161.SH,2026-07-20,医疗独立行情,0.0029197214117412614,64.51612903225806,20,中证申万医药生物指数,4. 交互项+残差动量+Beta变化
688166.SH,2026-07-20,医疗独立行情,-0.02524820925492403,4.838709677419355,20,中证申万医药生物指数,4. 交互项+残差动量+Beta变化
688176.SH,2026-07-20,医疗独立行情,-0.015758837173540676,10.967741935483872,20,中证申万医药生物指数,4. 交互项+残差动量+Beta变化
688177.SH,2026-07-20,医疗独立行情,-0.011991983178995603,17.419354838709676,20,中证申万医药生物指数,4. 交互项+残差动量+Beta变化
688180.SH,2026-07-20,医疗独立行情,-0.019046000005294796,7.096774193548387,20,中证申万医药生物指数,4. 交互项+残差动量+Beta变化
688185.SH,2026-07-20,医疗独立行情,-0.0014862510362682187,48.70967741935484,20,中证申万医药生物指数,4. 交互项+残差动量+Beta变化
688192.SH,2026-07-20,医疗独立行情,-0.03942327641309053,0.3225806451612903,20,中证申万医药生物指数,4. 交互项+残差动量+Beta变化
688197.SH,2026-07-20,医疗独立行情,-0.019301899676045776,6.451612903225806,20,中证申万医药生物指数,4. 交互项+残差动量+Beta变化
688198.SH,2026-07-20,医疗独立行情,-0.014883560039237548,12.258064516129032,20,中证申万医药生物指数,4. 交互项+残差动量+Beta变化
688202.SH,2026-07-20,医疗独立行情,0.007442872453837901,77.41935483870968,20,中证申万医药生物指数,4. 交互项+残差动量+Beta变化
688221.SH,2026-07-20,医疗独立行情,-0.007654746853915467,24.193548387096776,20,中证申万医药生物指数,4. 交互项+残差动量+Beta变化
688222.SH,2026-07-20,医疗独立行情,0.015568984042099976,88.38709677419355,20,中证申万医药生物指数,4. 交互项+残差动量+Beta变化
688235.SH,2026-07-20,医疗独立行情,0.0021578325373392765,62.25806451612903,20,中证申万医药生物指数,4. 交互项+残差动量+Beta变化
688236.SH,2026-07-20,医疗独立行情,0.003516108742917332,65.80645161290323,20,中证申万医药生物指数,4. 交互项+残差动量+Beta变化
688253.SH,2026-07-20,医疗独立行情,0.020354296405320906,91.29032258064517,20,中证申万医药生物指数,4. 交互项+残差动量+Beta变化
688266.SH,2026-07-20,医疗独立行情,-0.02105279610018746,5.806451612903226,20,中证申万医药生物指数,4. 交互项+残差动量+Beta变化
688271.SH,2026-07-20,医疗独立行情,0.00393984928717315,67.74193548387096,20,中证申万医药生物指数,4. 交互项+残差动量+Beta变化
688276.SH,2026-07-20,医疗独立行情,-0.008210146437754022,22.58064516129032,20,中证申万医药生物指数,4. 交互项+残差动量+Beta变化
688277.SH,2026-07-20,医疗独立行情,0.020181649794332974,90.96774193548387,20,中证申万医药生物指数,4. 交互项+残差动量+Beta变化
688278.SH,2026-07-20,医疗独立行情,-0.014183355797427799,12.903225806451612,20,中证申万医药生物指数,4. 交互项+残差动量+Beta变化
688289.SH,2026-07-20,医疗独立行情,-0.00297173205735889,43.54838709677419,20,中证申万医药生物指数,4. 交互项+残差动量+Beta变化
688293.SH,2026-07-20,医疗独立行情,-0.017552002287853898,8.38709677419355,20,中证申万医药生物指数,4. 交互项+残差动量+Beta变化
688301.SH,2026-07-20,医疗独立行情,0.04425638827855522,99.67741935483872,20,中证申万医药生物指数,4. 交互项+残差动量+Beta变化
688315.SH,2026-07-20,医疗独立行情,0.008678006101034448,79.35483870967742,20,中证申万医药生物指数,4. 交互项+残差动量+Beta变化
688319.SH,2026-07-20,医疗独立行情,0.03313877474185174,97.74193548387096,20,中证申万医药生物指数,4. 交互项+残差动量+Beta变化
688321.SH,2026-07-20,医疗独立行情,-0.005514716297048194,33.225806451612904,20,中证申万医药生物指数,4. 交互项+残差动量+Beta变化
688331.SH,2026-07-20,医疗独立行情,-0.013832432980058141,15.161290322580644,20,中证申万医药生物指数,4. 交互项+残差动量+Beta变化
688336.SH,2026-07-20,医疗独立行情,-0.02666238465627589,3.870967741935484,20,中证申万医药生物指数,4. 交互项+残差动量+Beta变化
688351.SH,2026-07-20,医疗独立行情,0.017249431102886275,89.6774193548387,20,中证申万医药生物指数,4. 交互项+残差动量+Beta变化
688363.SH,2026-07-20,医疗独立行情,-0.00499689388519999,35.16129032258065,20,中证申万医药生物指数,4. 交互项+残差动量+Beta变化
688366.SH,2026-07-20,医疗独立行情,-0.002259986394572694,45.806451612903224,20,中证申万医药生物指数,4. 交互项+残差动量+Beta变化
688382.SH,2026-07-20,医疗独立行情,-0.030090100106126786,2.258064516129032,20,中证申万医药生物指数,4. 交互项+残差动量+Beta变化
688410.SH,2026-07-20,医疗独立行情,0.006878767915096327,75.16129032258064,20,中证申万医药生物指数,4. 交互项+残差动量+Beta变化
688428.SH,2026-07-20,医疗独立行情,-0.006333879912375436,30.967741935483872,20,中证申万医药生物指数,4. 交互项+残差动量+Beta变化
688443.SH,2026-07-20,医疗独立行情,-0.005555611376155659,32.903225806451616,20,中证申万医药生物指数,4. 交互项+残差动量+Beta变化
688488.SH,2026-07-20,医疗独立行情,-0.016422152209076366,9.35483870967742,20,中证申万医药生物指数,4. 交互项+残差动量+Beta变化
688505.SH,2026-07-20,医疗独立行情,0.007209997838793076,76.77419354838709,20,中证申万医药生物指数,4. 交互项+残差动量+Beta变化
688506.SH,2026-07-20,医疗独立行情,-0.026245193918292806,4.516129032258064,20,中证申万医药生物指数,4. 交互项+残差动量+Beta变化
688513.SH,2026-07-20,医疗独立行情,-0.03299167805964261,1.6129032258064515,20,中证申万医药生物指数,4. 交互项+残差动量+Beta变化
688520.SH,2026-07-20,医疗独立行情,-0.012502001332898402,16.7741935483871,20,中证申万医药生物指数,4. 交互项+残差动量+Beta变化
688553.SH,2026-07-20,医疗独立行情,-0.009305348215678369,21.29032258064516,20,中证申万医药生物指数,4. 交互项+残差动量+Beta变化
688566.SH,2026-07-20,医疗独立行情,-0.003830667488589503,40.32258064516129,20,中证申万医药生物指数,4. 交互项+残差动量+Beta变化
688575.SH,2026-07-20,医疗独立行情,-0.006791146585039155,29.03225806451613,20,中证申万医药生物指数,4. 交互项+残差动量+Beta变化
688578.SH,2026-07-20,医疗独立行情,-0.027881672845606633,2.903225806451613,20,中证申万医药生物指数,4. 交互项+残差动量+Beta变化
688580.SH,2026-07-20,医疗独立行情,0.013043889008581756,85.80645161290322,20,中证申万医药生物指数,4. 交互项+残差动量+Beta变化
688617.SH,2026-07-20,医疗独立行情,-0.006863816569732761,28.70967741935484,20,中证申万医药生物指数,4. 交互项+残差动量+Beta变化
688621.SH,2026-07-20,医疗独立行情,-0.0005547776237134825,52.903225806451616,20,中证申万医药生物指数,4. 交互项+残差动量+Beta变化
688626.SH,2026-07-20,医疗独立行情,0.0035638956408015304,66.45161290322581,20,中证申万医药生物指数,4. 交互项+残差动量+Beta变化
688656.SH,2026-07-20,医疗独立行情,0.011513765318482973,82.9032258064516,20,中证申万医药生物指数,4. 交互项+残差动量+Beta变化
688658.SH,2026-07-20,医疗独立行情,0.004810385117288464,70.0,20,中证申万医药生物指数,4. 交互项+残差动量+Beta变化
688677.SH,2026-07-20,医疗独立行情,0.03625018468255218,98.38709677419355,20,中证申万医药生物指数,4. 交互项+残差动量+Beta变化
688690.SH,2026-07-20,医疗独立行情,0.027747964705209203,94.19354838709677,20,中证申万医药生物指数,4. 交互项+残差动量+Beta变化
688710.SH,2026-07-20,医疗独立行情,-0.0020135110241760114,46.45161290322581,20,中证申万医药生物指数,4. 交互项+残差动量+Beta变化
688712.SH,2026-07-20,医疗独立行情,0.01899361267013534,90.0,20,中证申万医药生物指数,4. 交互项+残差动量+Beta变化
688739.SH,2026-07-20,医疗独立行情,0.0004838829972087134,55.80645161290323,20,中证申万医药生物指数,4. 交互项+残差动量+Beta变化
688758.SH,2026-07-20,医疗独立行情,0.0021320407598596643,61.935483870967744,20,中证申万医药生物指数,4. 交互项+残差动量+Beta变化
688759.SH,2026-07-20,医疗独立行情,3.938605570334323e-05,53.87096774193548,20,中证申万医药生物指数,4. 交互项+残差动量+Beta变化
688765.SH,2026-07-20,医疗独立行情,-0.01559420380228371,11.29032258064516,20,中证申万医药生物指数,4. 交互项+残差动量+Beta变化
688767.SH,2026-07-20,医疗独立行情,0.012657510547893281,84.51612903225806,20,中证申万医药生物指数,4. 交互项+残差动量+Beta变化
688796.SH,2026-07-20,医疗独立行情,-0.01765365313067864,8.064516129032258,20,中证申万医药生物指数,4. 交互项+残差动量+Beta变化
688799.SH,2026-07-20,医疗独立行情,-0.016029745688984427,10.32258064516129,20,中证申万医药生物指数,4. 交互项+残差动量+Beta变化
688805.SH,2026-07-20,医疗独立行情,0.036859672281877386,98.70967741935483,20,中证申万医药生物指数,4. 交互项+残差动量+Beta变化
920047.BJ,2026-07-20,医疗独立行情,-0.007859815163371617,23.548387096774192,20,中证申万医药生物指数,4. 交互项+残差动量+Beta变化
920982.BJ,2026-07-20,医疗独立行情,-0.005577039686750725,32.58064516129032,20,中证申万医药生物指数,4. 交互项+残差动量+Beta变化
